Index,Name,Form,Pokemon Number,Gender,CP,HP,Atk IV,Def IV,Sta IV,IV Avg,Level Min,Level Max,Quick Move,Charge Move,Charge Move 2,Scan Date,Original Scan Date,Catch Date,Weight,Height,Lucky,Shadow/Purified,Favorite,Dust,Rank % (G),Rank # (G),Stat Prod (G),Dust Cost (G),Candy Cost (G),Name (G),Form (G),Sha/Pur (G),Rank % (U),Rank # (U),Stat Prod (U),Dust Cost (U),Candy Cost (U),Name (U),Form (U),Sha/Pur (U),Rank % (L),Rank # (L),Stat Prod (L),Dust Cost (L),Candy Cost (L),Name (L),Form (L),Sha/Pur (L),Marked for PvP use
1,Ekans,,23,♀,10,11,,,,31.5,1.0,1.0,,,,"2026-09-25 00:36","2026-09-25 00:36",,7.16kg,11m,0,0,0,200,79.37%,74,98.73%,161000,212,Arbok,,0,17.43%,2540,86.30%,520000,354,Arbok,,0,76.04%,72,97.40%,65500,75,Ekans,,0,
2,Caterpie,,10,♀,10,12,12,5,4,46.7,1.0,1.0,,,,"2026-09-25 00:36","2026-09-25 00:36",,,,0,0,0,200,16.21%,3432,93.53%,148000,210,Butterfree,,0,39.95%,2460,86.06%,520000,366,Butterfree,,0,5.62%,3866,88.11%,10000,80,Butterfree,,0,
3,Pikachu,Normal,25,♀,12,11,11,11,10,71.1,1.0,1.0,,,,"2026-09-25 00:36","2026-09-25 00:36",,,,0,0,0,200,60.49%,1619,94.87%,76000,134,Raichu,Normal,0,87.01%,533,93.02%,520000,354,Raichu,Normal,0,70.13%,1224,93.44%,45000,56,Pikachu,Normal,0,
4,Mareanie,,747,♂,12,13,14,6,10,66.7,1.0,1.0,,,,"2026-09-25 00:36","2026-09-25 00:36",,,,0,0,0,200,11.38%,3630,92.13%,175000,228,Toxapex,,0,88.21%,484,93.10%,520000,354,Toxapex,,0,18.39%,3343,89.86%,40000,52,Mareanie,,0,
5,Weedle,,13,,18,22,10,15,13,84.4,2.0,2.0,,,,"2026-09-25 00:36","2026-09-25 00:36",,,,0,0,0,15000,49.38%,2074,95.14%,109600,174,Beedrill,Normal,0,97.68%,96,95.98%,519600,364,Beedrill,Normal,0,97.34%,110,94.92%,519600,302,Weedle,,0,
6,Gulpin,,316,♀,32,29,10,0,3,28.9,2.0,2.0,,,,"2026-09-25 00:36","2026-09-25 00:36",,,,0,0,0,200,4.96%,3893,91.77%,109600,162,Swalot,,0,15.92%,3444,84.03%,519600,352,Swalot,,0,15.95%,3443,88.60%,65100,73,Gulpin,,0,
7,Lillipup,,506,♀,35,22,13,0,6,42.2,2.0,2.0,,,,"2026-09-25 00:36","2026-09-25 00:36",,,,0,0,0,200,4.08%,3929,91.97%,333600,327,Herdier,,0,1.42%,4038,93.20%,197600,329,Stoutland,,0,23.22%,3145,91.08%,14200,47,Herdier,,0,
8,Pawmi,,921,♀,38,27,1,13,1,33.3,3.0,3.0,,,,"2026-09-25 00:36","2026-09-25 00:36",,,,0,0,0,400,91.16%,363,97.56%,55200,187,Pawmot,,0,89.30%,439,97.97%,357200,425,Pawmot,,0,97.68%,96,98.03%,4800,134,Pawmot,,0,
9,Poochyena,,261,♂,41,24,7,4,3,31.1,3.0,3.0,,,,"2026-09-25 00:36","2026-09-25 00:36",,,,0,0,0,400,41.73%,2387,94.80%,129200,176,Mightyena,,0,16.63%,3415,82.90%,519200,350,Mightyena,,0,37.51%,2560,90.84%,9200,64,Mightyena,,0,
10,Charmander,,4,,53,24,10,10,10,66.7,2.5,2.5,,,,"2026-09-25 00:36","2026-09-25 00:36",,,,0,0,0,15000,85.20%,607,96.56%,39400,174,Charizard,Normal,0,66.69%,1365,96.49%,160400,284,Charizard,Normal,0,86.84%,540,96.08%,3600,133,Charizard,Normal,0,
11,Taillow,,276,♀,63,31,1,5,5,24.4,4.0,4.0,,,,"2026-09-25 00:36","2026-09-25 00:36",,,,0,0,0,400,65.08%,1431,95.63%,146400,192,Swellow,,0,9.94%,3689,81.45%,518400,348,Swellow,,0,96.95%,126,97.27%,9400,63,Swellow,,0,
12,Bidoof,,399,♂,77,44,6,2,0,17.8,5.0,5.0,,,,"2026-09-25 00:36","2026-09-25 00:36",,,,0,0,0,600,19.19%,3310,93.51%,195600,248,Bibarel,,0,3.32%,3960,79.15%,517600,346,Bibarel,,0,65.30%,1422,93.59%,9600,62,Bibarel,,0,
13,Lechonk,,915,♂,86,42,9,10,2,46.7,5.0,5.0,,,,"2026-09-25 00:36","2026-09-25 00:36",,,,0,0,0,600,60.32%,1626,95.51%,50600,105,Oinkologne,Male,0,36.56%,2599,95.54%,309600,346,Oinkologne,Male,0,33.09%,2741,90.04%,89600,90,Lechonk,,0,
14,Glameow,,431,♀,89,37,11,6,13,66.7,4.0,4.0,,,,"2026-09-25 00:36","2026-09-25 00:36",,,,0,0,0,400,63.25%,1506,95.66%,103900,154,Purugly,,0,79.68%,833,91.33%,518400,348,Purugly,,0,77.75%,912,94.90%,7400,61,Purugly,,0,
15,Meowth,Galar,52,♂,105,38,12,15,13,88.9,4.0,4.0,,,,"2026-09-25 00:36","2026-09-25 00:36",,,,0,0,0,400,27.59%,2966,93.97%,54400,110,Perrserker,,0,79.17%,854,96.02%,380400,348,Perrserker,,0,85.15%,609,94.80%,4000,57,Perrserker,,0,
16,Charmander,,4,♂,113,35,9,1,5,33.3,5.0,5.0,,,,"2026-09-25 00:36","2026-09-25 00:36",,,,0,0,0,600,14.90%,3486,93.16%,298600,321,Charmeleon,,0,12.41%,3588,94.30%,195600,323,Charizard,Normal,0,25.96%,3033,89.57%,1800,128,Charizard,Normal,0,
17,Charmander,,4,,119,37,8,8,11,60.0,5.0,5.0,,,,"2026-09-25 00:36","2026-09-25 00:36",,,,0,0,0,600,55.56%,1821,95.33%,238600,279,Charmeleon,,0,53.92%,1888,96.01%,165600,287,Charizard,Normal,0,83.39%,681,95.67%,1800,128,Charizard,Normal,0,
18,Heatmor,,631,♀,126,39,3,3,8,31.1,2.5,2.5,,,,"2026-09-25 00:36","2026-09-25 00:36",,,,0,0,0,200,75.51%,1004,96.27%,71900,78,Heatmor,,0,15.31%,3469,91.56%,519400,301,Heatmor,,0,44.44%,2276,90.66%,5800,11,Heatmor,,0,
19,Wattrel,,940,,132,41,3,9,0,26.7,7.0,7.0,,,,"2026-09-25 00:36","2026-09-25 00:36",,,,0,0,0,200,72.11%,1143,95.48%,64200,116,Kilowattrel,,0,25.35%,3058,94.24%,515200,342,Kilowattrel,,0,72.36%,1133,94.27%,1600,52,Kilowattrel,,0,
20,Squirtle,,7,♂,134,43,3,12,9,53.3,6.0,6.0,,,,"2026-09-25 00:36","2026-09-25 00:36",,,,0,0,0,600,97.31%,111,97.58%,516400,319,Wartortle,,0,88.23%,483,97.55%,458400,419,Blastoise,Normal,0,97.75%,93,97.44%,49400,53,Squirtle,,0,
21,Blipbug,,824,♀,136,53,11,10,11,71.1,15.0,15.0,,,,"2026-09-25 00:36","2026-09-25 00:36",,,,0,0,0,1900,42.69%,2348,94.11%,48900,170,Orbeetle,,0,87.79%,501,94.27%,496400,393,Orbeetle,,0,36.04%,2620,90.78%,12000,37,Dottler,,0,
22,Smoliv,,928,♀,138,46,0,7,13,44.4,7.0,7.0,,,,"2026-09-25 00:35","2026-09-25 00:35",,,,0,0,0,800,60.83%,1605,94.90%,35200,165,Arboliva,,0,90.94%,372,97.90%,170200,291,Arboliva,,0,97.78%,92,97.31%,15600,45,Dolliv,,0,
23,Drifloon,,425,♂,139,62,8,2,8,40.0,5.0,5.0,,,,"2026-09-25 00:35","2026-09-25 00:35",,,,0,0,0,600,50.06%,2046,94.33%,70100,123,Drifblim,,0,19.49%,3298,90.30%,517600,346,Drifblim,,0,35.51%,2642,90.31%,4000,56,Drifblim,,0,
24,Caterpie,,10,♀,146,68,8,15,15,84.4,13.0,13.0,,,,"2026-09-25 00:35","2026-09-25 00:35",,,,0,0,0,1600,70.40%,1213,96.32%,97800,152,Butterfree,,0,97.61%,99,96.15%,502800,338,Butterfree,,0,90.84%,376,89.83%,502800,288,Metapod,,0,
25,Vanillite,,582,♀,147,38,4,8,7,42.2,6.0,6.0,,,,"2026-09-25 00:35","2026-09-25 00:35",,,,0,0,0,600,66.50%,1373,95.58%,366400,319,Vanillish,,0,71.50%,1168,96.91%,219400,353,Vanilluxe,,0,72.63%,1122,94.18%,38900,44,Vanillite,,0,
26,Shelmet,,616,,154,54,3,6,9,40.0,8.0,8.0,,,,"2026-09-25 00:35","2026-09-25 00:35",,,,0,0,0,15000,54.99%,1844,95.15%,59100,261,Accelgor,,0,78.27%,891,96.90%,513600,490,Accelgor,,0,91.75%,339,96.62%,0,200,Accelgor,,0,
27,Jynx,,124,♀,175,37,8,3,11,48.9,3.0,3.0,,,,"2026-09-25 00:35","2026-09-25 00:35",,,,0,0,0,400,53.75%,1895,94.94%,55200,62,Jynx,,0,51.28%,1996,96.10%,369200,300,Jynx,,0,89.23%,442,95.17%,4800,9,Jynx,,0,
28,Pidove,,519,♀,182,56,1,14,5,44.4,9.0,9.0,,,,"2026-09-25 00:35","2026-09-25 00:35",,,,0,0,0,1000,53.33%,1912,94.95%,39500,104,Unfezant,,0,87.94%,495,97.92%,252000,335,Unfezant,,0,97.75%,93,97.83%,64500,65,Pidove,,0,
29,Rookidee,,821,♀,184,57,6,10,14,66.7,11.0,11.0,,,,"2026-09-25 00:35","2026-09-25 00:35",,,,0,0,0,1300,60.34%,1625,95.24%,47000,174,Corviknight,,0,85.69%,587,97.25%,409000,409,Corviknight,,0,94.99%,206,96.46%,8400,37,Corvisquire,,0,
30,Lapras,,131,♀,185,60,9,15,2,57.8,3.0,3.0,,,,"2026-09-25 00:35","2026-09-25 00:35",,,,0,0,0,400,73.33%,1093,96.58%,49200,56,Lapras,,0,55.31%,1831,96.08%,269200,300,Lapras,,0,63.61%,1491,92.77%,4000,8,Lapras,,0,
31,Stoutland,,508,♂,188,43,3,5,2,22.2,3.0,3.0,,,,"2026-09-25 00:35","2026-09-25 00:35",,,,0,0,0,400,35.65%,2636,94.01%,46700,54,Stoutland,,0,39.34%,2485,95.54%,249200,270,Stoutland,,0,77.34%,929,94.60%,4000,8,Stoutland,,0,
32,Flabébé,,669,♀,190,45,12,10,3,55.6,7.0,7.0,,,,"2026-09-25 00:35","2026-09-25 00:35",,,,0,0,0,800,50.09%,2045,94.68%,26400,157,Florges,,0,35.56%,2640,95.13%,100700,223,Florges,,0,20.90%,3240,90.54%,9800,37,Floette,,0,
33,Kecleon,,352,♂,192,40,7,2,5,31.1,4.0,4.0,,,,"2026-09-25 00:35","2026-09-25 00:35",,,,0,0,0,400,50.40%,2032,94.47%,103900,104,Kecleon,,0,16.97%,3401,84.34%,518400,298,Kecleon,,0,68.21%,1303,93.39%,7400,11,Kecleon,,0,
34,Natu,,177,♂,196,43,7,15,5,60.0,7.0,7.0,,,,"2026-09-25 00:35","2026-09-25 00:35",,,,0,0,0,800,76.53%,962,96.13%,75200,125,Xatu,,0,75.43%,1007,90.97%,515200,342,Xatu,,0,84.22%,647,95.81%,2400,53,Xatu,,0,
35,Sprigatito,,906,♂,197,46,6,7,5,40.0,8.0,8.0,,,,"2026-09-25 00:35","2026-09-25 00:35",,,,0,0,0,800,63.52%,1495,95.58%,263600,315,Floragato,,0,48.03%,2129,95.94%,216600,349,Meowscarada,,0,54.65%,1858,92.29%,6900,33,Floragato,,0,
36,Duskull,,355,,199,39,11,12,5,62.2,11.0,11.0,,,,"2026-09-25 00:35","2026-09-25 00:35",,,,0,0,0,1300,31.53%,2805,93.62%,278000,309,Dusclops,,0,52.65%,1940,94.48%,464000,409,Dusknoir,,0,36.31%,2609,89.99%,84500,82,Duskull,,0,
37,Glameow,,431,♀,204,54,6,9,1,35.6,9.0,9.0,,,,"2026-09-25 00:35","2026-09-25 00:35",,,,0,0,0,1000,17.41%,3383,93.21%,107000,152,Purugly,,0,27.91%,2953,84.97%,512000,338,Purugly,,0,84.84%,622,95.63%,2000,52,Purugly,,0,
38,Litwick,,607,♂,207,56,9,8,13,66.7,8.0,8.0,,,,"2026-09-25 00:35","2026-09-25 00:35",,,,0,0,0,800,61.88%,1562,95.93%,183600,207,Lampent,,0,86.25%,564,97.08%,94600,217,Chandelure,,0,78.36%,887,94.37%,33600,38,Litwick,,0,
39,Grubbin,,736,♂,209,54,10,12,14,80.0,8.0,8.0,,,,"2026-09-25 00:35","2026-09-25 00:35",,,,0,1,0,961,67.96%,1313,96.17%,202338,249,Charjabug,,1,47.47%,2152,95.86%,118934,262,Vikavolt,,1,51.70%,1979,92.87%,5522,35,Charjabug,,1,
40,Poochyena,,261,,210,52,11,14,2,60.0,12.0,12.0,,,,"2026-09-25 00:35","2026-09-25 00:35",,,,0,0,0,1300,18.19%,3351,93.47%,90900,136,Mightyena,,0,76.04%,982,90.37%,505400,330,Mightyena,,0,20.42%,3260,89.12%,86400,82,Poochyena,,0,
41,Dratini,,147,♂,211,49,15,4,11,66.7,8.0,8.0,,,,"2026-09-25 00:35","2026-09-25 00:35",,,,0,1,0,961,22.34%,3181,93.66%,162736,203,Dragonair,,1,4.88%,3896,93.13%,70934,217,Dragonite,Normal,1,11.11%,3641,89.76%,37690,57,Dratini,,1,
42,Rattata,Alola,19,♀,214,54,7,1,15,51.1,12.0,12.0,,,,"2026-09-25 00:35","2026-09-25 00:35",,,,0,0,0,1300,48.60%,2106,94.88%,208400,239,Raticate,Alola,0,45.91%,2216,86.82%,505400,305,Raticate,Alola,0,60.20%,1631,92.75%,86400,82,Rattata,Alola,0,
43,Shellos,,422,,217,70,6,1,6,28.9,8.0,8.0,,,,"2026-09-25 00:35","2026-09-25 00:35",,,,0,0,0,800,21.95%,3197,93.48%,69600,120,Gastrodon,,0,11.28%,3634,88.20%,513600,340,Gastrodon,,0,79.80%,828,94.98%,800,51,Gastrodon,,0,
44,Cottonee,,546,♂,230,63,2,14,8,53.3,14.0,14.0,,,,"2026-09-25 00:35","2026-09-25 00:35",,,,0,0,0,1600,91.53%,348,97.04%,85100,128,Whimsicott,,0,52.26%,1956,88.35%,499600,322,Whimsicott,,0,95.51%,185,96.85%,104600,94,Cottonee,,0,
45,Gulpin,,316,♀,232,77,5,11,4,44.4,11.0,11.0,,,,"2026-09-25 00:35","2026-09-25 00:35",,,,0,0,0,1300,49.99%,2049,94.85%,98000,144,Swalot,,0,41.88%,2381,87.31%,508000,334,Swalot,,0,65.23%,1425,92.98%,53500,55,Gulpin,,0,
46,Nymble,,919,♀,234,60,7,5,3,33.3,17.0,17.0,,,,"2026-09-25 00:35","2026-09-25 00:35",,,,0,0,0,1600,49.40%,2073,94.79%,44800,90,Lokix,,0,17.24%,3390,88.64%,488800,310,Lokix,,0,37.75%,2550,90.48%,302800,260,Nymble,,0,
47,Charmander,,4,♂,236,52,7,0,7,31.1,10.0,10.0,,,,"2026-09-25 00:35","2026-09-25 00:35",,,,0,0,0,1000,70.38%,1214,95.68%,35000,163,Charizard,Normal,0,25.13%,3067,94.94%,196000,323,Charizard,Normal,0,72.41%,1131,94.18%,4600,31,Charmeleon,,0,
48,Charmander,,4,,238,53,2,8,9,42.2,10.0,10.0,,,,"2026-09-25 00:35","2026-09-25 00:35",,,,0,0,0,1000,92.89%,292,97.82%,302000,311,Charmeleon,,0,80.56%,797,97.09%,188000,313,Charizard,Normal,0,94.21%,238,96.20%,40000,42,Charmander,,0,
49,Charmander,,4,♀,242,52,13,12,14,86.7,9.0,9.0,,,,"2026-09-25 00:35","2026-09-25 00:35",,,,0,0,0,1000,80.98%,780,96.27%,29800,159,Charizard,Normal,0,63.05%,1514,96.34%,128000,245,Charizard,Normal,0,26.84%,2997,90.99%,3000,28,Charmeleon,,0,
50,Pikachu,Normal,25,♂,244,51,9,10,10,64.4,10.0,10.0,,,,"2026-09-25 00:35","2026-09-25 00:35",,,,0,0,0,1000,83.10%,693,96.10%,70000,119,Raichu,Normal,0,78.32%,889,91.54%,510000,336,Raichu,Normal,0,36.26%,2611,91.06%,35000,38,Pikachu,Normal,0,
51,Weedle,,13,♀,255,75,14,13,4,68.9,21.0,21.0,,,,"2026-09-25 00:35","2026-09-25 00:35",,,,0,0,0,2500,21.54%,3214,93.70%,65000,120,Beedrill,Normal,0,86.32%,561,92.16%,470000,306,Beedrill,Normal,0,92.43%,311,90.92%,470000,244,Weedle,,0,
52,Lapras,,131,♂,263,71,15,6,1,48.9,4.0,4.0,,,,"2026-09-25 00:35","2026-09-25 00:35",,,,0,0,0,400,1.56%,4032,91.79%,45900,52,Lapras,,0,2.71%,3985,93.13%,258400,283,Lapras,,0,50.04%,2047,91.40%,3200,6,Lapras,,0,
53,Pidove,,519,♀,265,72,4,4,13,46.7,13.0,13.0,,,,"2026-09-25 00:34","2026-09-25 00:34",,,,0,0,0,1600,33.09%,2741,94.05%,30300,92,Unfezant,,0,61.47%,1579,96.67%,242800,323,Unfezant,,0,87.99%,493,95.88%,55300,53,Pidove,,0,
54,Shelmet,,616,♀,265,70,4,14,10,62.2,13.0,13.0,,,,"2026-09-25 00:34","2026-09-25 00:34",,,,0,0,0,1600,69.04%,1269,95.80%,41800,241,Accelgor,,0,97.29%,112,98.66%,416800,476,Accelgor,,0,94.53%,225,96.77%,55300,53,Shelmet,,0,
55,Fuecoco,,909,,267,73,2,3,8,28.9,10.0,10.0,,,,"2026-09-25 00:34","2026-09-25 00:34",,,,0,0,0,1000,83.25%,687,96.84%,132000,149,Crocalor,,0,66.54%,1371,96.67%,158000,277,Skeledirge,,0,72.80%,1115,94.18%,27800,32,Fuecoco,,0,
56,Litten,,725,,273,60,10,7,15,71.1,10.0,10.0,,,,"2026-09-25 00:34","2026-09-25 00:34",,,,0,0,0,1000,50.65%,2022,94.93%,172000,193,Torracat,,0,70.09%,1226,96.72%,120000,237,Incineroar,,0,49.38%,2074,92.18%,25600,30,Litten,,0,
57,Pidove,,519,♀,269,68,10,12,10,71.1,12.0,12.0,,,,"2026-09-25 00:34","2026-09-25 00:34",,,,0,0,0,1300,87.06%,531,96.73%,30400,94,Unfezant,,0,65.93%,1396,96.83%,191400,254,Unfezant,,0,51.38%,1992,92.79%,41400,42,Pidove,,0,
58,Pidgey,,16,♀,273,67,11,14,10,77.8,15.0,15.0,,,,"2026-09-25 00:34","2026-09-25 00:34",,,,0,0,0,1900,73.28%,1095,95.84%,56400,113,Pidgeot,Normal,0,95.14%,200,95.00%,496400,330,Pidgeot,Normal,0,40.59%,2434,90.60%,68400,62,Pidgey,,0,
59,Gossifleur,,829,♀,281,67,15,14,10,86.7,15.0,15.0,,,,"2026-09-25 00:34","2026-09-25 00:34",,,,0,0,0,1900,23.79%,3122,93.21%,64400,108,Eldegoss,,0,97.88%,88,96.75%,496400,318,Eldegoss,,0,26.20%,3023,89.25%,64400,58,Gossifleur,,0,
60,Pikachu,Normal,25,♀,282,55,2,3,4,20.0,13.0,13.0,,,,"2026-09-25 00:34","2026-09-25 00:34",,,,0,0,0,1600,76.83%,950,95.69%,79300,124,Raichu,Normal,0,4.86%,3897,81.46%,502800,326,Raichu,Normal,0,69.94%,1232,93.43%,44800,44,Pikachu,Normal,0,
61,Mew,,151,♂,423,66,12,13,5,66.7,5.0,5.0,,,,"2026-09-25 00:34","2026-09-25 00:34",,,,0,0,0,1300,33.63%,2719,94.20%,26900,34,Mew,,0,23.47%,3135,94.65%,94100,94,Mew,,0,41.05%,2415,87.32%,600,1,Mew,,0,
62,Cottonee,,546,♂,288,72,7,13,15,77.8,16.0,16.0,,,,"2026-09-25 00:34","2026-09-25 00:34",,,,0,0,0,1900,74.41%,1049,95.82%,64600,108,Whimsicott,,0,93.06%,285,94.53%,492600,314,Whimsicott,,0,69.28%,1259,93.32%,69100,62,Cottonee,,0,
63,Tinkatink,,957,,292,71,3,13,7,51.1,14.0,14.0,,,,"2026-09-25 00:34","2026-09-25 00:34",,,,0,0,0,1600,89.06%,449,97.28%,59600,180,Tinkaton,,0,48.40%,2114,90.55%,499600,397,Tinkaton,,0,76.34%,970,94.46%,45100,43,Tinkatink,,0,
64,Tinkatink,,957,♀,294,73,5,7,10,48.9,14.0,14.0,,,,"2026-09-25 00:34","2026-09-25 00:34",,,,0,0,0,1600,86.74%,544,97.07%,59600,180,Tinkaton,,0,44.05%,2292,90.10%,499600,397,Tinkaton,,0,76.02%,983,94.80%,3200,29,Tinkatuff,,0,
65,Pidgey,,16,♂,297,73,3,12,10,55.6,18.0,18.0,,,,"2026-09-25 00:34","2026-09-25 00:34",,,,0,0,0,800,63.64%,1490,95.33%,52400,108,Pidgeot,Normal,0,63.54%,1494,89.63%,484400,318,Pidgeot,Normal,0,92.77%,297,95.96%,89400,78,Pidgey,,0,
66,Wooloo,,831,♀,299,71,14,15,15,97.8,15.0,15.0,,,,"2026-09-25 00:34","2026-09-25 00:34",,,,0,0,0,1900,57.39%,1746,95.20%,45400,92,Dubwool,,0,99.95%,3,99.43%,496400,318,Dubwool,,0,53.55%,1903,92.32%,52400,48,Wooloo,,0,
67,Paras,,46,,300,55,4,6,9,42.2,12.0,12.0,,,,"2026-09-25 00:34","2026-09-25 00:34",,,,0,0,0,1300,74.31%,1053,96.34%,139400,180,Parasect,,0,33.48%,2725,85.52%,505400,330,Parasect,,0,86.11%,570,94.92%,30400,32,Paras,,0,
68,Magnemite,,81,,305,41,2,5,11,40.0,9.0,9.0,,,,"2026-09-25 00:34","2026-09-25 00:34",,,,0,0,0,1000,68.45%,1293,95.50%,54000,81,Magneton,,0,72.43%,1130,96.77%,454000,313,Magneton,,0,78.32%,889,94.71%,14000,18,Magnemite,,0,
69,Taillow,,276,♂,306,67,12,4,7,51.1,16.0,16.0,,,,"2026-09-25 00:34","2026-09-25 00:34",,,,0,0,0,1900,19.49%,3298,93.28%,87600,128,Swellow,,0,47.59%,2147,86.87%,492600,314,Swellow,,0,16.80%,3408,89.26%,56600,50,Taillow,,0,
70,Pawmi,,921,♀,307,79,3,9,2,31.1,21.0,21.0,,,,"2026-09-25 00:34","2026-09-25 00:34",,,,0,0,0,2500,80.73%,790,96.73%,6000,131,Pawmot,,0,51.65%,1981,96.24%,308000,369,Pawmot,,0,71.70%,1160,93.11%,182000,190,Pawmi,,0,
71,Wattrel,,940,♂,312,64,7,4,1,26.7,16.0,16.0,,,,"2026-09-25 00:34","2026-09-25 00:34",,,,0,0,0,1900,52.63%,1941,94.58%,41600,88,Kilowattrel,,0,11.72%,3616,93.17%,492600,314,Kilowattrel,,0,30.79%,2835,90.71%,52600,47,Wattrel,,0,
72,Lechonk,,915,♂,323,91,0,3,9,26.7,20.0,20.0,,,,"2026-09-25 00:34","2026-09-25 00:34",,,,0,0,0,2500,71.75%,1158,96.08%,14000,63,Oinkologne,Male,0,79.17%,854,97.39%,376000,298,Oinkologne,Male,0,86.79%,542,95.13%,91000,80,Lechonk,,0,
73,Fidough,,926,♂,324,55,15,15,5,77.8,12.0,12.0,,,,"2026-09-25 00:34","2026-09-25 00:34",,,,0,0,0,1300,6.76%,3819,91.68%,65400,113,Dachsbun,,0,91.48%,350,94.16%,505400,330,Dachsbun,,0,41.49%,2397,91.54%,23200,26,Fidough,,0,
74,Quaxly,,912,♂,325,67,15,13,6,75.6,11.0,11.0,,,,"2026-09-25 00:34","2026-09-25 00:34",,,,0,0,0,1300,33.87%,2709,94.51%,118000,135,Quaxwell,,0,16.51%,3420,94.68%,103000,223,Quaquaval,,0,8.77%,3737,89.44%,17300,22,Quaxly,,0,
75,Mankey,,56,♂,328,60,0,0,11,24.4,12.0,12.0,,,,"2026-09-25 00:34","2026-09-25 00:34",,,,0,0,0,1300,95.97%,166,98.14%,21000,174,Annihilape,,0,94.80%,214,98.14%,105400,248,Annihilape,,0,65.96%,1395,93.48%,21000,24,Mankey,,0,
76,Beldum,,374,,330,63,10,6,11,60.0,13.0,13.0,,,,"2026-09-25 00:34","2026-09-25 00:34",,,,0,1,0,1921,89.04%,450,97.36%,5763,134,Metagross,Normal,1,52.58%,1943,95.81%,62168,197,Metagross,Normal,1,48.06%,2128,92.27%,30364,39,Beldum,,1,
77,Wattrel,,940,♀,330,68,11,11,12,75.6,15.0,15.0,,,,"2026-09-25 00:34","2026-09-25 00:34",,,,0,0,0,1900,48.25%,2120,94.40%,32400,80,Kilowattrel,,0,58.44%,1703,95.84%,346400,318,Kilowattrel,,0,54.75%,1854,92.46%,35400,33,Wattrel,,0,
78,Cyndaquil,,155,♀,334,62,2,9,8,42.2,14.0,14.0,,,,"2026-09-25 00:34","2026-09-25 00:34",,,,0,0,0,1600,75.92%,987,96.40%,280600,297,Quilava,,0,77.97%,903,96.97%,177600,299,Typhlosion,Normal,0,70.28%,1218,93.61%,27100,26,Cyndaquil,,0,
79,Wattrel,,940,♀,336,68,10,15,13,84.4,15.0,15.0,,,,"2026-09-25 00:34","2026-09-25 00:34",,,,0,0,0,1900,89.67%,424,96.62%,32400,80,Kilowattrel,,0,79.15%,855,96.89%,322400,318,Kilowattrel,,0,72.16%,1141,93.80%,32400,30,Wattrel,,0,
80,Wingull,,278,♀,340,71,15,12,13,88.9,16.0,16.0,,,,"2026-09-25 00:34","2026-09-25 00:34",,,,0,0,0,1900,66.84%,1359,95.42%,48600,94,Pelipper,,0,98.95%,44,97.72%,492600,314,Pelipper,,0,63.17%,1509,92.91%,38100,35,Wingull,,0,
81,Hatenna,,856,,340,69,10,10,12,71.1,15.0,15.0,,,,"2026-09-25 00:34","2026-09-25 00:34",,,,0,0,0,1900,67.52%,1331,95.54%,208400,239,Hattrem,,0,81.17%,772,97.21%,151400,267,Hatterene,,0,68.40%,1295,93.73%,32400,30,Hatenna,,0,
82,Sprigatito,,906,♂,341,63,5,14,11,66.7,13.0,13.0,,,,"2026-09-25 00:34","2026-09-25 00:34",,,,0,0,0,1600,94.77%,215,97.62%,25300,151,Meowscarada,,0,82.81%,705,97.35%,164800,283,Meowscarada,,0,96.68%,137,96.92%,22800,24,Sprigatito,,0,
83,Swirlix,,684,♂,342,71,14,5,4,51.1,11.0,11.0,,,,"2026-09-25 00:34","2026-09-25 00:34",,,,0,0,0,1300,1.98%,4015,91.31%,64000,114,Slurpuff,,0,53.06%,1923,89.01%,508000,334,Slurpuff,,0,19.22%,3309,89.92%,15400,20,Swirlix,,0,
84,Smoliv,,928,♂,344,66,14,10,8,71.1,15.0,15.0,,,,"2026-09-25 00:34","2026-09-25 00:34",,,,0,0,0,1900,74.75%,1035,94.89%,424400,293,Dolliv,,0,31.89%,2790,95.35%,106400,219,Arboliva,,0,14.58%,3499,89.13%,29400,27,Smoliv,,0,
85,Spearow,,21,♂,344,72,0,1,2,6.7,20.0,20.0,,,,"2026-09-25 00:33","2026-09-25 00:33",,,,0,0,0,2500,64.66%,1448,95.36%,97000,136,Fearow,,0,0.44%,4078,77.47%,475000,298,Fearow,,0,57.22%,1753,92.23%,65000,58,Spearow,,0,
86,Fletchling,,661,♀,348,80,1,3,10,31.1,19.0,19.0,,,,"2026-09-25 00:33","2026-09-25 00:33",,,,0,0,0,2500,96.46%,146,98.22%,52000,171,Talonflame,,0,13.41%,3547,84.08%,480000,377,Talonflame,,0,71.89%,1152,93.48%,52000,46,Fletchling,,0,
87,Lechonk,,915,♂,349,83,15,8,4,60.0,18.0,18.0,,,,"2026-09-25 00:33","2026-09-25 00:33",,,,0,0,0,2200,35.31%,2650,94.35%,14400,62,Oinkologne,Male,0,12.36%,3590,94.37%,234400,306,Oinkologne,Male,0,5.23%,3882,86.91%,44400,39,Lechonk,,0,
88,Quaxly,,912,♂,351,75,8,4,10,48.9,13.0,13.0,,,,"2026-09-25 00:33","2026-09-25 00:33",,,,0,0,0,1600,47.91%,2134,94.47%,20600,147,Quaquaval,,0,31.97%,2787,95.37%,124800,239,Quaquaval,,0,64.93%,1437,93.81%,20600,22,Quaxly,,0,
89,Lechonk,,915,♀,352,84,8,15,1,53.3,19.0,19.0,,,,"2026-09-25 00:33","2026-09-25 00:33",,,,0,0,0,1900,82.88%,702,96.37%,19000,67,Oinkologne,Female,0,72.31%,1135,96.74%,355000,302,Oinkologne,Female,0,67.50%,1332,93.11%,52000,46,Lechonk,,0,
90,Sprigatito,,906,♂,352,65,0,13,12,55.6,14.0,14.0,,,,"2026-09-25 00:33","2026-09-25 00:33",,,,0,0,0,1600,99.78%,10,99.22%,239600,282,Floragato,,0,98.63%,57,98.90%,185600,309,Meowscarada,,0,91.09%,366,95.76%,22100,22,Sprigatito,,0,
91,Electrike,,309,♀,359,63,14,8,8,66.7,14.0,14.0,,,,"2026-09-25 00:33","2026-09-25 00:33",,,,0,0,0,1600,45.96%,2214,94.27%,45100,93,Manectric,Normal,0,66.96%,1354,94.72%,469600,322,Manectric,Normal,0,41.59%,2393,91.70%,22100,22,Electrike,,0,
92,Taillow,,276,♂,361,76,6,8,11,55.6,19.0,19.0,,,,"2026-09-25 00:33","2026-09-25 00:33",,,,0,0,0,2500,65.67%,1407,95.65%,75000,116,Swellow,,0,63.27%,1505,88.77%,480000,302,Swellow,,0,65.18%,1427,93.07%,44000,38,Taillow,,0,
93,Cubone,,104,♂,370,75,7,10,15,71.1,14.0,14.0,,,,"2026-09-25 00:33","2026-09-25 00:33",,,,0,0,0,1600,87.59%,509,97.17%,109600,148,Marowak,Normal,0,85.86%,580,92.61%,499600,322,Marowak,Normal,0,58.58%,1697,93.34%,17400,18,Cubone,,0,
94,Poochyena,,261,♀,376,78,3,1,6,22.2,25.0,25.0,,,,"2026-09-25 00:33","2026-09-25 00:33",,,,0,0,0,4000,45.84%,2219,95.02%,72000,114,Mightyena,,0,5.18%,3884,80.33%,444000,270,Mightyena,,0,57.19%,1754,92.21%,130000,132,Poochyena,,0,
95,Smoliv,,928,♀,373,74,0,6,7,28.9,19.0,19.0,,,,"2026-09-25 00:33","2026-09-25 00:33",,,,0,0,0,2200,66.67%,1366,95.22%,2500,127,Arboliva,,0,72.77%,1116,96.94%,150000,269,Arboliva,,0,74.19%,1058,93.87%,36000,32,Smoliv,,0,
96,Pikachu,Normal,25,,392,67,5,4,11,44.4,17.0,17.0,,,,"2026-09-25 00:33","2026-09-25 00:33",,,,0,0,0,2200,43.66%,2308,94.13%,52800,96,Raichu,Normal,0,40.15%,2452,87.01%,488800,310,Raichu,Normal,0,64.79%,1443,93.02%,21800,19,Pikachu,Normal,0,
97,Lillipup,,506,♀,376,71,13,13,11,82.2,15.0,15.0,,,,"2026-09-25 00:33","2026-09-25 00:33",,,,0,0,0,1900,77.12%,938,96.00%,16400,141,Stoutland,,0,33.72%,2715,95.32%,130400,243,Stoutland,,0,18.88%,3323,90.47%,18900,18,Lillipup,,0,
98,Fidough,,926,♂,378,63,15,6,13,75.6,14.0,14.0,,,,"2026-09-25 00:33","2026-09-25 00:33",,,,0,0,0,1600,27.47%,2971,93.18%,59600,105,Dachsbun,,0,95.21%,197,95.33%,499600,322,Dachsbun,,0,30.74%,2837,90.74%,17400,18,Fidough,,0,
99,Shelmet,,616,,379,80,9,10,5,53.3,18.0,18.0,,,,"2026-09-25 00:33","2026-09-25 00:33",,,,0,0,0,2200,64.76%,1444,95.59%,26400,224,Accelgor,,0,62.47%,1538,96.06%,412400,456,Accelgor,,0,35.56%,2640,90.40%,29900,27,Shelmet,,0,
100,Fuecoco,,909,♂,380,86,10,5,12,60.0,13.0,13.0,,,,"2026-09-25 00:33","2026-09-25 00:33",,,,0,0,0,1600,52.84%,1932,95.09%,92800,111,Crocalor,,0,54.63%,1859,96.19%,112800,227,Skeledirge,,0,50.23%,2039,92.60%,14000,16,Fuecoco,,0,
101,Fidough,,926,♂,382,62,12,4,7,51.1,15.0,15.0,,,,"2026-09-25 00:33","2026-09-25 00:33",,,,0,0,0,1900,17.14%,3394,92.56%,64400,108,Dachsbun,,0,59.37%,1665,89.42%,496400,318,Dachsbun,,0,27.72%,2961,90.51%,18900,18,Fidough,,0,
102,Charmander,,4,,387,67,15,1,12,62.2,15.0,15.0,,,,"2026-09-25 00:33","2026-09-25 00:33",,,,0,0,0,1900,46.84%,2178,94.60%,16400,141,Charizard,Normal,0,4.13%,3927,93.61%,130400,243,Charizard,Normal,0,2.47%,3995,87.60%,16400,16,Charmander,,0,
103,Wattrel,,940,♂,386,76,13,2,15,66.7,18.0,18.0,,,,"2026-09-25 00:33","2026-09-25 00:33",,,,0,0,0,2200,31.26%,2816,93.63%,23400,71,Kilowattrel,,0,34.11%,2699,94.73%,372400,306,Kilowattrel,,0,14.02%,3522,89.20%,26400,24,Wattrel,,0,
104,Nidoran♀,,29,♀,389,93,1,12,10,51.1,20.0,20.0,,,,"2026-09-25 00:33","2026-09-25 00:33",,,,0,0,0,1900,97.44%,106,98.24%,17000,141,Nidoqueen,,0,99.10%,38,99.04%,417000,373,Nidoqueen,,0,97.75%,93,97.34%,35000,31,Nidoran♀,,0,
105,Dedenne,,702,♀,389,64,13,7,6,57.8,8.0,8.0,,,,"2026-09-25 00:33","2026-09-25 00:33",,,,0,0,0,800,19.37%,3303,93.59%,118600,112,Dedenne,,0,65.57%,1411,89.26%,513600,290,Dedenne,,0,50.87%,2013,92.22%,3600,4,Dedenne,,0,
106,Pidove,,519,,393,83,9,9,10,62.2,18.0,18.0,,,,"2026-09-25 00:33","2026-09-25 00:33",,,,0,0,0,2200,85.57%,592,95.63%,469400,268,Tranquill,,0,60.76%,1608,96.63%,187400,252,Unfezant,,0,40.59%,2434,91.94%,23400,21,Pidove,,0,
107,Natu,,177,♂,394,65,11,13,15,86.7,13.0,13.0,,,,"2026-09-25 00:33","2026-09-25 00:33",,,,0,0,0,1600,80.10%,816,96.33%,55300,103,Xatu,,0,98.46%,64,96.85%,502800,326,Xatu,,0,44.57%,2271,92.46%,10200,12,Natu,,0,
108,Charmander,,4,♂,395,67,10,12,13,77.8,15.0,15.0,,,,"2026-09-25 00:33","2026-09-25 00:33",,,,0,0,0,1900,76.56%,961,96.46%,182400,205,Charmeleon,,0,71.09%,1185,96.66%,124400,237,Charizard,Normal,0,41.34%,2403,91.64%,14200,14,Charmander,,0,
109,Charmander,,4,♀,395,66,14,7,11,71.1,15.0,15.0,,,,"2026-09-25 00:33","2026-09-25 00:33",,,,0,0,0,1900,22.52%,3174,93.67%,182400,205,Charmeleon,,0,27.08%,2987,95.02%,124400,237,Charizard,Normal,0,54.02%,1884,92.48%,16400,16,Charmander,,0,
110,Squirtle,,7,♂,396,71,14,14,12,88.9,15.0,15.0,,,,"2026-09-25 00:33","2026-09-25 00:33",,,,0,0,0,1900,66.52%,1372,94.35%,288400,293,Wartortle,,0,49.99%,2049,95.45%,288400,393,Blastoise,Normal,0,11.70%,3617,89.11%,14200,14,Squirtle,,0,
111,Bidoof,,399,♂,396,101,9,1,6,35.6,23.0,23.0,,,,"2026-09-25 00:33","2026-09-25 00:33",,,,0,0,0,3500,9.26%,3717,92.81%,106000,148,Bibarel,,0,19.07%,3315,82.95%,458000,282,Bibarel,,0,27.72%,2961,89.62%,48000,42,Bidoof,,0,
112,Fletchling,,661,♀,401,81,9,6,8,51.1,20.0,20.0,,,,"2026-09-25 00:33","2026-09-25 00:33",,,,0,0,0,1900,72.70%,1119,94.68%,460000,273,Fletchinder,,0,54.19%,1877,89.00%,475000,373,Talonflame,,0,18.22%,3350,89.20%,27500,25,Fletchling,,0,
113,Fidough,,926,♀,405,66,11,13,15,86.7,15.0,15.0,,,,"2026-09-25 00:33","2026-09-25 00:33",,,,0,0,0,1900,60.05%,1637,94.82%,56400,101,Dachsbun,,0,98.17%,76,96.84%,496400,318,Dachsbun,,0,83.61%,672,94.85%,14200,14,Fidough,,0,
114,Charmander,,4,♀,405,66,14,13,10,82.2,15.0,15.0,,,,"2026-09-25 00:33","2026-09-25 00:33",,,,0,0,0,1900,66.72%,1364,95.49%,14200,139,Charizard,Normal,0,34.16%,2697,95.30%,112400,225,Charizard,Normal,0,60.05%,1637,92.90%,14200,14,Charmander,,0,
115,Graveler,Alola,75,,406,59,9,11,13,73.3,8.0,8.0,,,,"2026-09-25 00:33","2026-09-25 00:33",,,,0,0,0,800,87.30%,521,97.10%,31400,136,Golem,Alola,0,65.18%,1427,96.51%,129600,222,Golem,Alola,0,62.71%,1528,92.81%,2600,3,Graveler,Alola,0,
116,Chansey,,113,♀,409,246,4,5,7,35.6,14.0,14.0,,,,"2026-09-25 00:33","2026-09-25 00:33",,,,0,0,0,1600,48.62%,2105,94.61%,29600,78,Blissey,,0,63.37%,1501,96.29%,269600,322,Blissey,,0,78.51%,881,94.28%,10800,12,Chansey,,0,
117,Rattata,Alola,19,♂,411,67,8,7,4,42.2,23.0,23.0,,,,"2026-09-25 00:32","2026-09-25 00:32",,,,0,0,0,3000,45.18%,2246,94.72%,170000,203,Raticate,Alola,0,37.29%,2569,85.84%,458000,257,Raticate,Alola,0,24.42%,3096,89.97%,34500,30,Rattata,Alola,0,
118,Patrat,,504,♂,414,83,10,10,11,68.9,20.0,20.0,,,,"2026-09-25 00:32","2026-09-25 00:32",,,,0,0,0,15000,62.76%,1526,95.45%,85000,124,Watchog,,0,85.05%,613,92.08%,475000,298,Watchog,,0,49.40%,2073,91.71%,24000,22,Patrat,,0,
119,Doduo,,84,♀,417,60,4,15,15,75.6,13.0,13.0,,,,"2026-09-25 00:32","2026-09-25 00:32",,,,0,0,0,1600,88.57%,469,96.83%,44800,94,Dodrio,,0,99.61%,17,99.32%,458800,326,Dodrio,,0,99.58%,18,98.70%,8300,10,Doduo,,0,
120,Sprigatito,,906,♂,419,68,14,10,13,82.2,15.0,15.0,,,,"2026-09-25 00:32","2026-09-25 00:32",,,,0,0,0,1900,80.68%,792,96.35%,16400,141,Meowscarada,,0,22.12%,3190,94.93%,130400,243,Meowscarada,,0,19.56%,3295,90.08%,9800,10,Sprigatito,,0,
121,Sewaddle,,540,,421,73,10,5,5,44.4,17.0,17.0,,,,"2026-09-25 00:32","2026-09-25 00:32",,,,0,0,0,2200,58.63%,1695,95.24%,24800,147,Leavanny,,0,25.79%,3040,95.04%,314800,385,Leavanny,,0,26.91%,2994,90.70%,13800,12,Sewaddle,,0,
122,Charmander,,4,♂,423,71,0,2,4,13.3,19.0,19.0,,,,"2026-09-25 00:32","2026-09-25 00:32",,,,0,0,0,1900,71.65%,1162,96.18%,368000,277,Charmeleon,,0,51.06%,2005,95.91%,201000,335,Charizard,Normal,0,46.35%,2198,91.98%,16000,14,Charmander,,0,
123,Charmander,,4,♀,425,69,1,12,4,37.8,18.0,18.0,,,,"2026-09-25 00:32","2026-09-25 00:32",,,,0,0,0,2200,97.07%,121,97.91%,9400,133,Charizard,Normal,0,88.60%,468,97.54%,170400,293,Charizard,Normal,0,88.45%,474,95.30%,14400,12,Charmander,,0,
124,Hoppip,,187,,428,82,9,15,6,66.7,28.0,28.0,,,,"2026-09-25 00:32","2026-09-25 00:32",,,,0,0,0,2200,51.99%,1967,94.81%,140000,281,Jumpluff,,0,80.68%,792,91.41%,419000,323,Jumpluff,,0,54.85%,1850,91.42%,81000,80,Hoppip,,0,
125,Dwebble,,557,♀,429,70,8,4,4,35.6,14.0,14.0,,,,"2026-09-25 00:32","2026-09-25 00:32",,,,0,0,0,1600,42.47%,2357,94.73%,38600,87,Crustle,,0,35.73%,2633,95.31%,387600,322,Crustle,,0,23.71%,3125,90.50%,7000,8,Dwebble,,0,
126,Drowzee,,96,♀,431,90,1,4,4,20.0,18.0,18.0,,,,"2026-09-25 00:32","2026-09-25 00:32",,,,0,0,0,2200,88.21%,484,97.06%,74400,116,Hypno,,0,3.64%,3947,82.01%,484400,306,Hypno,,0,69.21%,1262,94.13%,11900,10,Drowzee,,0,
127,Sprigatito,,906,♂,444,69,8,11,7,57.8,17.0,17.0,,,,"2026-09-25 00:32","2026-09-25 00:32",,,,0,0,0,2200,61.93%,1560,95.38%,11300,135,Meowscarada,,0,55.78%,1812,96.22%,158800,277,Meowscarada,,0,58.39%,1705,92.87%,8800,8,Sprigatito,,0,
128,Growlithe,Normal,58,,448,76,1,8,2,24.4,15.0,15.0,,,,"2026-09-25 00:32","2026-09-25 00:32",,,,0,0,0,1900,49.87%,2054,95.00%,16400,66,Arcanine,Normal,0,54.19%,1877,96.19%,144400,184,Arcanine,Normal,0,75.12%,1020,94.76%,5700,6,Growlithe,Normal,0,
129,Quaxly,,912,,449,82,14,12,14,88.9,15.0,15.0,,,,"2026-09-25 00:32","2026-09-25 00:32",,,,0,0,0,1900,65.05%,1432,95.25%,9800,135,Quaquaval,,0,15.87%,3446,94.65%,86400,203,Quaquaval,,0,40.61%,2433,92.16%,5700,6,Quaxly,,0,
130,Fuecoco,,909,♂,451,93,7,15,14,80.0,15.0,15.0,,,,"2026-09-25 00:32","2026-09-25 00:32",,,,0,0,0,1900,97.88%,88,98.69%,12000,137,Skeledirge,,0,90.13%,405,97.86%,96400,211,Skeledirge,,0,93.53%,266,96.35%,5700,6,Fuecoco,,0,
131,Helioptile,,694,♀,455,81,4,6,10,44.4,20.0,20.0,,,,"2026-09-25 00:32","2026-09-25 00:32",,,,0,0,0,1900,91.87%,334,97.22%,11000,60,Heliolisk,,0,62.47%,1538,96.42%,301000,298,Heliolisk,,0,42.05%,2374,92.22%,8000,7,Helioptile,,0,
132,Diglett,Normal,50,♀,460,52,15,11,11,82.2,25.0,25.0,,,,"2026-09-25 00:32","2026-09-25 00:32",,,,0,0,0,3500,39.98%,2459,94.51%,174000,240,Dugtrio,Normal,0,95.48%,186,94.57%,444000,270,Dugtrio,Normal,0,46.40%,2196,91.93%,16000,14,Diglett,Normal,0,
133,Delibird,,225,♂,461,71,4,12,2,40.0,17.0,17.0,,,,"2026-09-25 00:32","2026-09-25 00:32",,,,0,0,0,4000,39.88%,2463,81.45%,488800,260,Delibird,,0,39.88%,2463,81.45%,488800,260,Delibird,,0,40.76%,2427,92.04%,4400,4,Delibird,,0,
134,Eevee,,133,♂,461,87,6,7,12,55.6,17.0,17.0,,,,"2026-09-25 00:32","2026-09-25 00:32",,,,0,0,0,2200,94.75%,216,97.24%,6600,31,Flareon,,0,78.02%,901,97.11%,104800,117,Flareon,,0,43.79%,2303,92.09%,4400,4,Eevee,,0,
135,Pikachu,Normal,25,,444,66,9,7,3,42.2,19.0,19.0,,,,"2026-09-25 00:32","2026-09-25 00:32",,,,0,0,0,2500,16.14%,3435,92.69%,44000,88,Raichu,Normal,0,30.67%,2840,85.93%,480000,302,Raichu,Normal,0,12.19%,3597,89.04%,10000,8,Pikachu,Normal,0,
136,Venipede,,543,♂,464,79,9,2,15,57.8,26.0,26.0,,,,"2026-09-25 00:32","2026-09-25 00:32",,,,0,0,0,4000,74.33%,1052,88.23%,436000,239,Whirlipede,,0,48.13%,2125,95.43%,337000,339,Scolipede,,0,50.74%,2018,91.79%,17000,16,Venipede,,0,
137,Staryu,,120,,473,60,10,13,14,82.2,15.0,15.0,,,,"2026-09-25 00:32","2026-09-25 00:32",,,,0,0,0,1900,46.18%,2205,94.78%,23900,72,Starmie,Normal,0,78.22%,893,96.98%,236400,303,Starmie,Normal,0,69.21%,1262,93.98%,1900,2,Staryu,,0,
138,Tepig,,498,♂,474,99,1,0,8,20.0,19.0,19.0,,,,"2026-09-25 00:32","2026-09-25 00:32",,,,0,0,0,2200,86.84%,540,97.17%,5000,129,Emboar,,0,56.48%,1783,96.06%,166000,289,Emboar,,0,81.54%,757,95.50%,5000,4,Tepig,,0,
139,Oricorio,Sensu,741,♀,474,68,8,4,2,31.1,8.0,8.0,,,,"2026-09-25 00:32","2026-09-25 00:32",,,,0,0,0,800,9.89%,3691,92.79%,66100,67,Oricorio,Sensu,0,13.75%,3533,88.62%,513600,290,Oricorio,Sensu,0,6.96%,3811,88.04%,0,0,Oricorio,Sensu,0,
140,Lillipup,,506,♂,477,84,7,11,14,71.1,20.0,20.0,,,,"2026-09-25 00:32","2026-09-25 00:32",,,,0,0,0,2200,78.78%,870,96.59%,245000,273,Herdier,,0,89.43%,434,97.70%,137000,255,Stoutland,,0,51.06%,2005,92.90%,2500,2,Lillipup,,0,
141,Oricorio,Pa'u,741,,479,70,5,8,7,44.4,8.0,8.0,,,,"2026-09-25 00:32","2026-09-25 00:32",,,,0,0,0,800,76.14%,978,96.20%,66100,67,Oricorio,Pa'u,0,38.75%,2509,92.00%,513600,290,Oricorio,Pa'u,0,40.46%,2439,91.70%,0,0,Oricorio,Pa'u,0,
142,Eevee,,133,♂,484,85,13,6,9,62.2,17.0,17.0,,,,"2026-09-25 00:32","2026-09-25 00:32",,,,0,0,0,3000,63.59%,1492,95.36%,2200,27,Glaceon,,0,33.87%,2709,95.39%,93800,107,Flareon,,0,32.19%,2778,91.26%,2200,2,Eevee,,0,
143,Hatenna,,856,♀,485,83,12,2,10,53.3,22.0,22.0,,,,"2026-09-25 00:32","2026-09-25 00:32",,,,0,0,0,3000,23.42%,3137,93.32%,204000,248,Hattrem,,0,16.65%,3414,94.59%,134000,255,Hatterene,,0,20.85%,3242,90.05%,3000,3,Hatenna,,0,
144,Taillow,,276,♀,488,85,14,8,11,73.3,24.0,24.0,,,,"2026-09-25 00:32","2026-09-25 00:32",,,,0,0,0,3500,45.62%,2228,94.68%,36500,82,Swellow,,0,86.96%,535,92.49%,451000,276,Swellow,,0,34.38%,2688,90.80%,3500,3,Taillow,,0,
145,Geodude,Alola,74,♀,489,69,0,10,15,55.6,15.0,15.0,,,,"2026-09-25 00:32","2026-09-25 00:32",,,,0,0,0,1900,98.24%,73,98.56%,106400,119,Graveler,Alola,0,97.07%,121,98.42%,144400,259,Golem,Alola,0,88.28%,481,95.87%,0,0,Geodude,Alola,0,
146,Stunky,,434,♂,492,88,12,3,0,33.3,17.0,17.0,,,,"2026-09-25 00:31","2026-09-25 00:31",,,,0,0,0,2200,2.66%,3987,91.71%,37800,84,Skuntank,,0,20.51%,3256,90.62%,488800,310,Skuntank,,0,6.57%,3827,89.20%,0,0,Stunky,,0,
147,Clobbopus,,852,♂,494,80,4,4,5,28.9,18.0,18.0,,,,"2026-09-25 00:31","2026-09-25 00:31",,,,0,0,0,2200,19.90%,3281,93.50%,17400,65,Grapploct,,0,61.34%,1584,96.32%,310400,306,Grapploct,,0,57.05%,1760,93.34%,0,0,Clobbopus,,0,
148,Fuecoco,,909,♀,495,93,9,11,3,51.1,17.0,17.0,,,,"2026-09-25 00:31","2026-09-25 00:31",,,,0,0,0,2200,30.84%,2833,93.89%,78800,95,Crocalor,,0,59.49%,1660,96.38%,104800,217,Skeledirge,,0,46.76%,2181,92.33%,0,0,Fuecoco,,0,
149,Mankey,,56,♀,496,69,14,15,15,97.8,15.0,15.0,,,,"2026-09-25 00:31","2026-09-25 00:31",,,,0,0,0,1900,90.55%,388,97.19%,38400,86,Primeape,,0,99.07%,39,98.88%,424400,318,Primeape,,0,73.99%,1066,94.06%,0,0,Mankey,,0,
150,Pikachu,Normal,25,♀,496,76,3,3,11,37.8,22.0,22.0,,,,"2026-09-25 00:31","2026-09-25 00:31",,,,0,0,0,3000,67.18%,1345,95.19%,32000,78,Raichu,Normal,0,27.69%,2962,85.57%,464000,288,Raichu,Normal,0,75.56%,1002,93.86%,0,0,Pikachu,Normal,0,
151,Chikorita,,152,♂,498,85,3,0,6,20.0,23.0,23.0,,,,"2026-09-25 00:31","2026-09-25 00:31",,,,0,0,0,3000,58.49%,1701,95.31%,10500,134,Meganium,,0,4.62%,3907,90.76%,458000,357,Meganium,,0,63.98%,1476,93.54%,0,0,Chikorita,,0,
152,Gothita,,574,♂,501,82,13,14,13,88.9,19.0,19.0,,,,"2026-09-25 00:31","2026-09-25 00:31",,,,0,0,0,800,60.73%,1609,95.11%,16000,139,Gothitelle,,0,68.47%,1292,95.94%,318000,377,Gothitelle,,0,,,,,,,,,
153,Spearow,,21,,508,83,10,14,8,71.1,24.0,24.0,,,,"2026-09-25 00:31","2026-09-25 00:31",,,,0,0,0,3500,67.40%,1336,95.49%,27500,74,Fearow,,0,88.89%,456,92.91%,451000,276,Fearow,,0,,,,,,,,,
154,Trubbish,,568,♂,512,85,12,12,9,73.3,19.0,19.0,,,,"2026-09-25 00:31","2026-09-25 00:31",,,,0,0,0,2500,37.48%,2561,94.33%,22000,70,Garbodor,,0,82.25%,728,96.60%,422000,302,Garbodor,,0,,,,,,,,,
155,Fidough,,926,♀,515,75,4,10,10,53.3,21.0,21.0,,,,"2026-09-25 00:31","2026-09-25 00:31",,,,0,0,0,2500,63.25%,1506,94.98%,42000,88,Dachsbun,,0,55.07%,1841,88.94%,470000,294,Dachsbun,,0,,,,,,,,,
156,Ponyta,Normal,77,♀,517,66,14,10,13,82.2,11.0,11.0,,,,"2026-09-25 00:31","2026-09-25 00:31",,,,0,0,0,1300,32.65%,2759,93.79%,41000,93,Rapidash,Normal,0,44.76%,2263,95.40%,322000,334,Rapidash,Normal,0,,,,,,,,,
157,Lechonk,,915,♂,524,110,7,3,7,37.8,30.0,30.0,,,,"2026-09-25 00:31","2026-09-25 00:31",,,,0,0,0,5000,22.98%,3155,75.76%,400000,182,Lechonk,,0,38.75%,2509,95.63%,238000,232,Oinkologne,Male,0,,,,,,,,,
158,Fidough,,926,♀,531,75,11,12,12,77.8,20.0,20.0,,,,"2026-09-25 00:31","2026-09-25 00:31",,,,0,0,0,15000,70.77%,1198,95.37%,39000,84,Dachsbun,,0,94.36%,232,95.00%,475000,298,Dachsbun,,0,,,,,,,,,
159,Rookidee,,821,♀,534,97,6,8,12,57.8,35.0,35.0,,,,"2026-09-25 00:31","2026-09-25 00:31",,,,0,0,0,7000,64.25%,1465,89.74%,338000,143,Corvisquire,,0,81.51%,758,96.96%,266000,243,Corviknight,,0,,,,,,,,,
160,Lillipup,,506,♀,534,84,7,7,1,33.3,24.0,24.0,,,,"2026-09-25 00:31","2026-09-25 00:31",,,,0,0,0,3500,25.01%,3072,93.62%,313000,251,Herdier,,0,27.18%,2983,95.03%,154000,285,Stoutland,,0,,,,,,,,,
161,Chimchar,,390,♂,534,84,15,11,14,88.9,20.0,20.0,,,,"2026-09-25 00:31","2026-09-25 00:31",,,,0,0,0,3500,53.75%,1895,94.95%,187000,219,Monferno,,0,51.70%,1979,95.95%,153000,275,Infernape,,0,,,,,,,,,
162,Fidough,,926,♂,539,76,11,14,14,86.7,20.0,20.0,,,,"2026-09-25 00:31","2026-09-25 00:31",,,,0,0,0,15000,51.31%,1995,94.37%,35000,81,Dachsbun,,0,97.80%,91,96.56%,475000,298,Dachsbun,,0,,,,,,,,,
163,Geodude,Alola,74,♂,544,70,3,6,8,37.8,17.0,17.0,,,,"2026-09-25 00:31","2026-09-25 00:31",,,,0,0,0,3000,88.55%,470,97.18%,11300,135,Golem,Alola,0,73.28%,1095,96.85%,150800,267,Golem,Alola,0,,,,,,,,,
164,Lillipup,,506,♂,544,83,10,12,3,55.6,23.0,23.0,,,,"2026-09-25 00:31","2026-09-25 00:31",,,,0,0,0,3000,33.63%,2719,94.14%,239000,257,Herdier,,0,34.97%,2664,95.37%,128000,249,Stoutland,,0,,,,,,,,,
165,Spritzee,,682,♂,545,104,11,14,10,77.8,16.0,16.0,,,,"2026-09-25 00:31","2026-09-25 00:31",,,,0,0,0,1900,60.39%,1623,95.40%,34600,82,Aromatisse,,0,91.06%,367,97.35%,434600,314,Aromatisse,,0,,,,,,,,,
166,Exeggcute,,102,♂,549,88,14,15,5,75.6,17.0,17.0,,,,"2026-09-25 00:31","2026-09-25 00:31",,,,0,0,0,1900,18.17%,3352,93.04%,2200,52,Exeggutor,Normal,0,20.98%,3237,94.75%,83800,124,Exeggutor,Normal,0,,,,,,,,,
167,Corsola,Galar,222,♀,549,83,1,9,6,35.6,15.0,15.0,,,,"2026-09-25 00:31","2026-09-25 00:31",,,,0,0,0,1900,53.68%,1898,95.12%,14200,64,Cursola,,0,79.58%,837,97.22%,124400,162,Cursola,,0,,,,,,,,,
168,Smoliv,,928,♂,552,86,1,14,4,42.2,27.0,27.0,,,,"2026-09-25 00:31","2026-09-25 00:31",,,,0,0,0,4000,32.99%,2745,90.40%,428000,231,Dolliv,,0,89.33%,438,97.79%,83000,205,Arboliva,,0,,,,,,,,,
169,Swablu,,333,♀,558,89,10,9,1,44.4,27.0,27.0,,,,"2026-09-25 00:31","2026-09-25 00:31",,,,0,0,0,4000,6.59%,3826,91.68%,9000,408,Altaria,Normal,0,39.19%,2491,87.22%,428000,606,Altaria,Normal,0,,,,,,,,,
170,Taillow,,276,♀,558,93,4,13,10,60.0,29.0,29.0,,,,"2026-09-25 00:31","2026-09-25 00:31",,,,0,0,0,4500,92.55%,306,97.42%,5000,54,Swellow,,0,76.17%,977,90.52%,410000,240,Swellow,,0,,,,,,,,,
171,Chansey,,113,♀,559,293,2,2,4,17.8,20.0,20.0,,,,"2026-09-25 00:31","2026-09-25 00:31",,,,0,0,0,1600,44.42%,2277,94.38%,8000,57,Blissey,,0,73.72%,1077,96.89%,301000,298,Blissey,,0,,,,,,,,,
172,Scorbunny,,813,♂,563,90,2,13,14,64.4,20.0,20.0,,,,"2026-09-25 00:31","2026-09-25 00:31",,,,0,0,0,2500,99.66%,15,99.56%,103000,117,Raboot,,0,99.56%,19,99.29%,91000,205,Cinderace,,0,,,,,,,,,
173,Tympole,,535,♀,565,95,12,5,0,37.8,27.0,27.0,,,,"2026-09-25 00:31","2026-09-25 00:31",,,,0,0,0,4000,33.85%,2710,87.59%,428000,231,Palpitoad,,0,5.89%,3855,93.83%,266000,331,Seismitoad,,0,,,,,,,,,
174,Larvitar,,246,♀,565,88,11,14,11,80.0,20.0,20.0,,,,"2026-09-25 00:31","2026-09-25 00:31",,,,0,0,0,4000,57.02%,1761,95.60%,91000,105,Pupitar,,0,36.73%,2592,95.28%,17000,141,Tyranitar,Normal,0,,,,,,,,,
175,Lillipup,,506,♂,567,86,11,4,1,35.6,25.0,25.0,,,,"2026-09-25 00:31","2026-09-25 00:31",,,,0,0,0,3500,4.44%,3914,92.07%,282000,245,Herdier,,0,7.35%,3795,93.96%,138000,267,Stoutland,,0,,,,,,,,,
176,Tyrunt,,696,♂,567,79,4,15,14,73.3,13.0,13.0,,,,"2026-09-25 00:31","2026-09-25 00:31",,,,0,1,0,1921,97.02%,123,98.08%,19444,77,Tyrantrum,,1,97.44%,106,98.70%,33600,78,Tyrantrum,,2,,,,,,,,,
177,Drilbur,,529,♀,570,85,13,13,11,82.2,15.0,15.0,,,,"2026-09-25 00:31","2026-09-25 00:31",,,,0,0,0,1900,97.44%,106,97.68%,481400,268,Drilbur,,0,78.61%,877,96.72%,72900,116,Excadrill,,0,,,,,,,,,
178,Geodude,Alola,74,♂,575,68,11,10,4,55.6,17.0,17.0,,,,"2026-09-25 00:31","2026-09-25 00:31",,,,0,0,0,4000,18.07%,3356,93.10%,83800,99,Graveler,Alola,0,16.12%,3436,94.56%,116800,229,Golem,Alola,0,,,,,,,,,
179,Squirtle,,7,♂,576,84,12,12,5,64.4,23.0,23.0,,,,"2026-09-25 00:31","2026-09-25 00:31",,,,0,0,0,3000,56.70%,1774,93.79%,333000,257,Wartortle,,0,45.89%,2217,95.28%,320000,357,Blastoise,Normal,0,,,,,,,,,
180,Sizzlipede,,850,♀,578,91,4,10,9,51.1,22.0,22.0,,,,"2026-09-25 00:30","2026-09-25 00:30",,,,0,0,0,3000,54.41%,1868,83.92%,464000,238,Sizzlipede,,0,87.62%,508,97.44%,98000,138,Centiskorch,,0,,,,,,,,,
181,Squirtle,,7,♂,585,96,0,7,14,46.7,26.0,26.0,,,,"2026-09-25 00:30","2026-09-25 00:30",,,,0,0,0,4000,79.22%,852,95.18%,436000,239,Wartortle,,0,98.36%,68,98.89%,421000,339,Blastoise,Normal,0,,,,,,,,,
182,Squirtle,,7,,587,87,12,13,9,75.6,23.0,23.0,,,,"2026-09-25 00:30","2026-09-25 00:30",,,,0,0,0,3500,61.90%,1561,94.06%,296000,257,Wartortle,,0,42.93%,2338,95.16%,284000,357,Blastoise,Normal,0,,,,,,,,,
183,Gothita,,574,♀,589,89,7,6,6,42.2,25.0,25.0,,,,"2026-09-25 00:30","2026-09-25 00:30",,,,0,0,0,3500,38.71%,2511,94.36%,258000,245,Gothorita,,0,62.86%,1522,95.68%,429000,345,Gothitelle,,0,,,,,,,,,
184,Sprigatito,,906,♂,590,80,14,13,11,84.4,21.0,21.0,,,,"2026-09-25 00:30","2026-09-25 00:30",,,,0,0,0,2500,52.92%,1929,95.00%,118000,135,Floragato,,0,50.04%,2047,96.01%,104000,219,Meowscarada,,0,,,,,,,,,
185,Drowzee,,96,♂,591,109,0,8,12,44.4,24.0,24.0,,,,"2026-09-25 00:30","2026-09-25 00:30",,,,0,0,0,3500,86.62%,549,96.92%,32000,78,Hypno,,0,29.33%,2895,86.53%,451000,276,Hypno,,0,,,,,,,,,
186,Cyndaquil,,155,♂,597,86,5,2,11,40.0,25.0,25.0,,,,"2026-09-25 00:30","2026-09-25 00:30",,,,0,0,0,3500,55.70%,1815,95.34%,225000,245,Quilava,,0,64.35%,1461,96.40%,122000,247,Typhlosion,Normal,0,,,,,,,,,
187,Fuecoco,,909,♂,598,107,13,4,13,66.7,20.0,20.0,,,,"2026-09-25 00:30","2026-09-25 00:30",,,,0,0,0,2500,28.08%,2946,93.75%,60500,79,Crocalor,,0,23.39%,3138,94.87%,75000,191,Skeledirge,,0,,,,,,,,,
188,Mareep,,179,♀,600,105,,,,55.6,24.0,24.5,,,,"2026-09-25 00:30","2026-09-25 00:30",,8.88kg,91m,0,0,0,3500,70.69%,9,99.40%,389500,251,Flaaffy,,0,65.63%,8,99.74%,125500,250,Ampharos,Normal,0,,,,,,,,,
189,Mareep,,179,♀,600,105,0,15,15,66.7,24.0,24.0,Tackle,Discharge,,"2026-09-25 00:30","2026-09-25 00:30",,8.88kg,0.7m,0,0,0,3500,99.80%,9,99.40%,352000,251,Flaaffy,,0,99.83%,8,99.74%,121000,243,Ampharos,Normal,0,,,,,,,,,
190,Eevee,,133,♂,598,97,6,10,9,55.6,22.0,22.0,,,,"2026-09-25 00:30","2026-09-25 00:30",,,,0,0,0,3000,52.67%,1939,94.67%,32000,53,Umbreon,,0,84.91%,619,97.31%,64000,81,Vaporeon,,0,,,,,,,,,
191,Eevee,,133,♂,601,99,0,14,9,51.1,23.0,23.0,,,,"2026-09-25 00:30","2026-09-25 00:30",,,,0,0,0,3000,89.60%,427,97.13%,34500,55,Umbreon,,0,99.76%,11,99.31%,68000,83,Vaporeon,,0,,,,,,,,,
192,Sprigatito,,906,,594,80,11,8,7,57.8,22.5,22.5,,,,"2026-09-25 00:30","2026-09-25 00:30",,,,0,0,0,3000,36.48%,2602,94.24%,155000,182,Floragato,,0,40.00%,2458,95.64%,131000,252,Meowscarada,,0,,,,,,,,,
193,Rhyhorn,,111,♂,609,98,8,10,8,57.8,14.0,14.0,,,,"2026-09-25 00:30","2026-09-25 00:30",,,,0,0,0,1600,88.06%,490,97.02%,13000,39,Rhydon,,0,63.39%,1500,95.90%,52100,174,Rhyperior,,0,,,,,,,,,
194,Starly,,396,♀,613,98,10,14,10,75.6,34.0,34.0,,,,"2026-09-25 00:30","2026-09-25 00:30",,,,0,0,0,4000,94.38%,231,93.08%,352000,159,Staravia,,0,79.12%,856,97.27%,0,125,Staraptor,Normal,0,,,,,,,,,
195,Crustle,,558,♀,616,69,13,13,1,60.0,9.0,9.0,,,,"2026-09-25 00:30","2026-09-25 00:30",,,,0,0,0,1000,17.90%,3363,93.43%,45000,47,Crustle,,0,6.11%,3846,93.67%,315000,288,Crustle,,0,,,,,,,,,
196,Nidoran♀,,29,♀,617,112,9,12,10,68.9,29.0,29.0,,,,"2026-09-25 00:30","2026-09-25 00:30",,,,0,0,0,4500,83.66%,670,90.36%,410000,215,Nidorina,,0,50.96%,2009,95.76%,248000,315,Nidoqueen,,0,,,,,,,,,
197,Trubbish,,568,♀,621,91,6,14,0,44.4,25.0,25.0,,,,"2026-09-25 00:30","2026-09-25 00:30",,,,0,0,0,3500,41.93%,2379,82.60%,444000,220,Trubbish,,0,41.54%,2395,93.42%,444000,270,Garbodor,,0,,,,,,,,,
198,Taillow,,276,♀,621,98,8,9,10,60.0,34.0,34.0,,,,"2026-09-25 00:30","2026-09-25 00:30",,,,0,0,0,3500,70.53%,1208,83.71%,352000,134,Taillow,,0,70.50%,1209,89.73%,352000,184,Swellow,,0,,,,,,,,,
199,Sewaddle,,540,♀,622,87,12,11,6,64.4,24.0,24.0,,,,"2026-09-25 00:30","2026-09-25 00:30",,,,0,0,0,3500,78.80%,869,93.19%,451000,251,Swadloon,,0,24.22%,3104,94.98%,221000,351,Leavanny,,0,,,,,,,,,
200,Pikipek,,731,♂,622,83,12,12,14,84.4,25.0,25.0,,,,"2026-09-25 00:30","2026-09-25 00:30",,,,0,0,0,3500,76.68%,956,94.87%,270000,245,Trumbeak,,0,70.01%,1229,96.95%,130000,257,Toucannon,,0,,,,,,,,,
201,Volbeat,,313,♂,625,85,11,7,14,71.1,13.0,13.0,,,,"2026-09-25 00:30","2026-09-25 00:30",,,,0,0,0,1600,35.41%,2646,93.85%,124800,114,Volbeat,,0,87.25%,523,92.54%,502800,276,Volbeat,,0,,,,,,,,,
202,Stunky,,434,♂,626,103,10,0,5,33.3,22.0,22.0,,,,"2026-09-25 00:30","2026-09-25 00:30",,,,0,0,0,3000,23.49%,3134,93.63%,16500,65,Skuntank,,0,13.89%,3527,89.52%,464000,288,Skuntank,,0,,,,,,,,,
203,Eevee,,133,♂,629,99,9,4,10,51.1,23.0,23.0,,,,"2026-09-25 00:30","2026-09-25 00:30",,,,0,0,0,3000,60.07%,1636,95.11%,26000,47,Umbreon,,0,48.42%,2113,95.93%,74000,89,Flareon,,0,,,,,,,,,
204,Varoom,,965,♂,636,83,14,15,11,88.9,20.0,20.0,,,,"2026-09-25 00:30","2026-09-25 00:30",,,,0,0,0,2500,98.80%,50,95.97%,475000,248,Varoom,,0,67.50%,1332,96.77%,75000,116,Revavroom,,0,,,,,,,,,
205,Swablu,,333,♀,638,98,14,12,12,84.4,28.0,28.0,,,,"2026-09-25 00:30","2026-09-25 00:30",,,,0,0,0,4500,97.78%,92,94.46%,419000,198,Swablu,,0,98.05%,81,96.78%,419000,598,Altaria,Normal,0,,,,,,,,,
206,Glameow,,431,♀,643,99,4,5,4,28.9,29.0,29.0,,,,"2026-09-25 00:30","2026-09-25 00:30",,,,0,0,0,4500,45.23%,2244,94.76%,15000,62,Purugly,,0,13.24%,3554,82.76%,410000,240,Purugly,,0,,,,,,,,,
207,Flabébé,,669,♀,645,83,12,11,4,60.0,23.0,23.0,,,,"2026-09-25 00:30","2026-09-25 00:30",,,,0,0,0,3000,25.05%,3070,92.99%,284000,257,Floette,,0,10.92%,3649,93.83%,39000,159,Florges,,0,,,,,,,,,
208,Geodude,Normal,74,♂,649,78,0,13,11,53.3,20.0,20.0,,,,"2026-09-25 00:30","2026-09-25 00:30",,,,0,0,0,2500,99.71%,13,99.37%,91000,105,Graveler,Normal,0,99.73%,12,99.31%,130000,247,Golem,Normal,0,,,,,,,,,
209,Litten,,725,♂,655,92,1,0,3,8.9,28.0,28.0,,,,"2026-09-25 00:30","2026-09-25 00:30",,,,0,0,0,4500,39.54%,2477,94.42%,245000,223,Torracat,,0,56.51%,1782,96.17%,105000,235,Incineroar,,0,,,,,,,,,
210,Growlithe,Normal,58,♂,657,94,5,7,9,46.7,21.0,21.0,,,,"2026-09-25 00:29","2026-09-25 00:29",,,,0,0,0,2500,44.54%,2272,83.26%,470000,244,Growlithe,Normal,0,51.16%,2001,96.08%,92000,132,Arcanine,Normal,0,,,,,,,,,
211,Oddish,,43,♂,660,80,15,7,7,64.4,20.0,20.0,,,,"2026-09-25 00:29","2026-09-25 00:29",,,,0,0,0,2500,6.45%,3832,92.47%,145000,165,Gloom,,0,77.83%,909,95.02%,475000,373,Bellossom,,0,,,,,,,,,
212,Eevee,,133,♂,662,102,6,5,7,40.0,25.0,25.0,,,,"2026-09-25 00:29","2026-09-25 00:29",,,,0,0,0,3500,50.38%,2033,94.53%,16000,39,Umbreon,,0,75.36%,1010,96.75%,44000,63,Espeon,,0,,,,,,,,,
213,Fidough,,926,♀,662,81,15,14,11,88.9,24.0,24.0,,,,"2026-09-25 00:29","2026-09-25 00:29",,,,0,0,0,3500,11.04%,3644,92.09%,7000,56,Dachsbun,,0,98.78%,51,97.38%,451000,276,Dachsbun,,0,,,,,,,,,
214,Volbeat,,313,♂,666,83,10,15,5,66.7,14.0,14.0,,,,"2026-09-25 00:29","2026-09-25 00:29",,,,0,0,0,1600,49.26%,2079,94.59%,133600,122,Volbeat,,0,82.59%,714,91.64%,499600,272,Volbeat,,0,,,,,,,,,
215,Tepig,,498,♂,667,113,11,9,14,75.6,23.0,23.0,,,,"2026-09-25 00:29","2026-09-25 00:29",,,,0,0,0,3000,52.26%,1956,95.23%,43500,63,Pignite,,0,63.32%,1503,96.32%,68000,183,Emboar,,0,,,,,,,,,
216,Lileep,,345,♂,674,102,13,0,6,42.2,20.0,20.0,,,,"2026-09-25 00:29","2026-09-25 00:29",,,,0,0,0,3000,0.59%,4072,90.91%,31000,78,Cradily,,0,43.20%,2327,88.14%,475000,298,Cradily,,0,,,,,,,,,
217,Vanillite,,582,♀,679,81,4,15,6,55.6,26.0,26.0,,,,"2026-09-25 00:29","2026-09-25 00:29",,,,0,0,0,4000,83.91%,660,96.66%,250000,239,Vanillish,,0,84.71%,627,97.54%,122000,251,Vanilluxe,,0,,,,,,,,,
218,Bulbasaur,,1,♂,680,95,3,0,15,40.0,25.0,25.0,,,,"2026-09-25 00:29","2026-09-25 00:29",,,,0,0,0,3500,82.32%,725,96.98%,194000,245,Ivysaur,,0,66.76%,1362,96.73%,204000,345,Venusaur,Normal,0,,,,,,,,,
219,Natu,,177,♂,680,83,10,13,10,73.3,23.0,23.0,,,,"2026-09-25 00:29","2026-09-25 00:29",,,,0,0,0,3000,76.95%,945,96.14%,14000,62,Xatu,,0,91.14%,364,93.79%,458000,282,Xatu,,0,,,,,,,,,
220,Greavard,,971,♀,687,102,8,8,14,66.7,26.0,26.0,,,,"2026-09-25 00:29","2026-09-25 00:29",,,,0,0,0,4000,77.19%,935,88.02%,436000,214,Greavard,,0,60.42%,1622,96.35%,262000,264,Houndstone,,0,,,,,,,,,
221,Lickitung,,108,♀,691,121,8,11,2,46.7,19.0,19.0,,,,"2026-09-25 00:29","2026-09-25 00:29",,,,0,0,0,2500,16.04%,3439,93.01%,19000,117,Lickilicky,,0,51.55%,1985,95.33%,394000,352,Lickilicky,,0,,,,,,,,,
222,Bruxish,,779,♀,691,77,8,6,7,46.7,11.0,11.0,,,,"2026-09-25 00:29","2026-09-25 00:29",,,,0,0,0,1300,17.34%,3386,93.06%,53500,55,Bruxish,,0,51.55%,1985,94.70%,508000,284,Bruxish,,0,,,,,,,,,
223,Absol,Normal,359,♂,695,73,12,12,10,75.6,10.0,10.0,,,,"2026-09-25 00:29","2026-09-25 00:29",,,,0,0,0,1000,84.57%,633,96.60%,43000,45,Absol,Normal,0,65.84%,1400,96.53%,302000,286,Absol,Normal,0,,,,,,,,,
224,Ekans,,23,♀,702,92,4,8,15,60.0,30.0,30.0,,,,"2026-09-25 00:29","2026-09-25 00:29",,,,0,0,0,5000,68.06%,1309,85.50%,400000,182,Ekans,,0,69.96%,1231,90.04%,400000,232,Arbok,,0,,,,,,,,,
225,Kecleon,,352,♀,712,78,14,0,8,48.9,13.0,13.0,,,,"2026-09-25 00:29","2026-09-25 00:29",,,,0,0,0,1600,4.03%,3931,91.44%,74800,70,Kecleon,,0,49.62%,2064,88.23%,502800,276,Kecleon,,0,,,,,,,,,
226,Fidough,,926,♀,720,86,14,15,13,93.3,26.0,26.0,,,,"2026-09-25 00:29","2026-09-25 00:29",,,,0,0,0,4000,99.56%,19,97.31%,436000,214,Fidough,,0,99.76%,11,98.70%,436000,264,Dachsbun,,0,,,,,,,,,
227,Fidough,,926,♂,725,90,8,3,12,51.1,29.0,29.0,,,,"2026-09-25 00:29","2026-09-25 00:29",,,,0,0,0,4500,53.02%,1925,83.63%,410000,190,Fidough,,0,60.90%,1602,89.58%,410000,240,Dachsbun,,0,,,,,,,,,
228,Purugly,,432,♀,725,94,9,3,15,60.0,14.0,14.0,,,,"2026-09-25 00:29","2026-09-25 00:29",,,,0,0,0,1600,18.24%,3349,93.27%,85100,78,Purugly,,0,61.81%,1565,88.94%,499600,272,Purugly,,0,,,,,,,,,
229,Gothita,,574,♀,729,96,15,10,9,75.6,28.0,28.0,,,,"2026-09-25 00:29","2026-09-25 00:29",,,,0,0,0,4500,21.93%,3198,93.36%,122000,157,Gothorita,,0,35.85%,2628,94.49%,269000,323,Gothitelle,,0,,,,,,,,,
230,Zangoose,,335,,731,82,15,9,9,73.3,11.0,11.0,,,,"2026-09-25 00:29","2026-09-25 00:29",,,,0,0,0,1300,43.96%,2296,94.57%,47000,49,Zangoose,,0,46.45%,2194,94.73%,383000,284,Zangoose,,0,,,,,,,,,
231,Hitmonlee,,106,♂,747,65,1,14,10,55.6,11.0,11.0,,,,"2026-09-25 00:29","2026-09-25 00:29",,,,0,0,0,1300,99.49%,22,99.20%,44000,46,Hitmonlee,,0,91.58%,346,97.76%,334000,284,Hitmonlee,,0,,,,,,,,,
232,Gothita,,574,♂,750,98,13,7,6,57.8,30.0,30.0,,,,"2026-09-25 00:29","2026-09-25 00:29",,,,0,0,0,5000,8.42%,3751,92.38%,140000,192,Gothorita,,0,33.77%,2713,94.41%,314000,307,Gothitelle,,0,,,,,,,,,
233,Geodude,Alola,74,♂,750,76,10,6,0,35.6,23.0,23.0,,,,"2026-09-25 00:29","2026-09-25 00:29",,,,0,0,0,3000,11.94%,3607,92.64%,68000,83,Graveler,Alola,0,5.86%,3856,93.88%,106000,223,Golem,Alola,0,,,,,,,,,
234,Scraggy,,559,♀,763,88,5,11,4,44.4,22.0,22.0,,,,"2026-09-25 00:29","2026-09-25 00:29",,,,0,0,0,3000,45.52%,2232,94.69%,20000,68,Scrafty,,0,34.36%,2689,90.23%,464000,288,Scrafty,,0,,,,,,,,,
235,Geodude,Normal,74,♀,772,78,12,7,3,48.9,23.0,23.0,,,,"2026-09-25 00:29","2026-09-25 00:29",,,,0,0,0,3000,5.52%,3870,92.02%,53000,71,Graveler,Normal,0,12.55%,3582,94.36%,92000,207,Golem,Normal,0,,,,,,,,,
236,Charmander,,4,♂,778,98,10,4,15,64.4,31.0,31.0,,,,"2026-09-25 00:29","2026-09-25 00:29",,,,0,0,0,5000,50.92%,2011,95.13%,102000,145,Charmeleon,,0,49.79%,2057,95.87%,31000,157,Charizard,Normal,0,,,,,,,,,
237,Bagon,,371,♀,780,94,10,11,14,77.8,25.0,25.0,,,,"2026-09-25 00:29","2026-09-25 00:29",,,,0,0,0,3500,37.17%,2574,94.11%,12000,35,Shelgon,,0,93.55%,265,94.40%,444000,245,Shelgon,,0,,,,,,,,,
238,Grimer,Normal,88,♀,790,129,4,5,12,46.7,23.0,23.0,,,,"2026-09-25 00:29","2026-09-25 00:29",,,,0,0,0,3500,33.60%,2720,85.72%,458000,232,Grimer,Normal,0,69.84%,1236,96.85%,188000,252,Muk,Normal,0,,,,,,,,,
239,Stunfisk,Galar,618,♂,800,130,0,0,12,26.7,15.0,15.0,,,,"2026-09-25 00:29","2026-09-25 00:29",,,,0,0,0,1900,92.28%,317,97.45%,77400,70,Stunfisk,Galar,0,4.32%,3919,82.10%,496400,268,Stunfisk,Galar,0,,,,,,,,,
240,Machop,,66,,803,121,3,4,6,28.9,26.0,26.0,,,,"2026-09-25 00:29","2026-09-25 00:29",,,,0,0,0,4000,51.43%,1990,95.03%,26000,49,Machoke,,0,43.98%,2295,95.58%,70000,189,Machamp,,0,,,,,,,,,
241,Crocalor,,910,♂,814,105,13,15,12,88.9,15.0,15.0,,,,"2026-09-25 00:29","2026-09-25 00:29",,,,0,0,0,1900,75.46%,1006,96.51%,9800,110,Skeledirge,,0,27.77%,2959,95.08%,86400,178,Skeledirge,,0,,,,,,,,,
242,Magmar,,126,♂,829,82,13,2,8,51.1,13.0,13.0,,,,"2026-09-25 00:29","2026-09-25 00:29",,,,0,0,0,1600,33.65%,2718,93.87%,48300,47,Magmar,,0,33.60%,2720,93.52%,472800,276,Magmar,,0,,,,,,,,,
243,Shelgon,,372,♂,841,90,13,11,11,77.8,15.0,15.0,,,,"2026-09-25 00:29","2026-09-25 00:29",,,,0,0,0,1900,36.65%,2595,94.08%,64400,58,Shelgon,,0,21.34%,3222,94.65%,41900,139,Salamence,Normal,0,,,,,,,,,
244,Slowpoke,Normal,79,♂,848,154,8,4,15,60.0,27.0,27.0,,,,"2026-09-25 00:29","2026-09-25 00:29",,,,0,0,0,4000,53.92%,1888,85.17%,428000,206,Slowpoke,Normal,0,48.13%,2125,95.69%,254000,256,Slowbro,Normal,0,,,,,,,,,
245,Snorlax,,143,♂,858,141,5,12,6,51.1,10.0,10.0,,,,"2026-09-25 00:29","2026-09-25 00:29",,,,0,0,0,4000,35.97%,2623,94.00%,21200,26,Snorlax,,0,80.90%,783,97.26%,100000,96,Snorlax,,0,,,,,,,,,
246,Gastly,,92,♀,881,74,15,15,7,82.2,26.0,26.0,,,,"2026-09-25 00:28","2026-09-25 00:28",,,,0,0,0,4000,65.98%,1394,95.42%,12500,37,Haunter,,0,38.53%,2518,95.30%,58000,177,Gengar,Normal,0,,,,,,,,,
247,Dedenne,,702,♀,902,98,11,14,7,71.1,18.0,18.0,,,,"2026-09-25 00:28","2026-09-25 00:28",,,,0,0,0,2200,26.03%,3030,93.97%,79400,70,Dedenne,,0,89.87%,416,93.28%,484400,256,Dedenne,,0,,,,,,,,,
248,Camerupt,Normal,323,,916,95,12,14,12,84.4,15.0,15.0,,,,"2026-09-25 00:28","2026-09-25 00:28",,,,0,0,0,1900,78.63%,876,96.09%,48900,45,Camerupt,Normal,0,97.61%,99,96.04%,496400,268,Camerupt,Normal,0,,,,,,,,,
249,Phanpy,,231,♀,941,157,9,9,8,57.8,30.0,30.0,,,,"2026-09-25 00:28","2026-09-25 00:28",,,,0,0,0,5000,67.77%,1321,87.13%,400000,182,Phanpy,,0,65.30%,1422,96.62%,16000,64,Donphan,,0,,,,,,,,,
250,Forretress,,205,♀,946,99,11,15,11,82.2,15.0,15.0,,,,"2026-09-25 00:28","2026-09-25 00:28",,,,0,0,0,1900,52.09%,1963,95.08%,41900,39,Forretress,,0,99.37%,27,99.33%,496400,268,Forretress,,0,,,,,,,,,
251,Growlithe,Normal,58,♂,959,114,4,12,10,57.8,30.0,30.0,,,,"2026-09-25 00:28","2026-09-25 00:28",,,,0,0,0,5000,72.41%,1131,87.47%,400000,182,Growlithe,Normal,0,86.54%,552,97.63%,16000,64,Arcanine,Normal,0,,,,,,,,,
252,Ferrothorn,,598,♀,975,100,13,11,15,86.7,15.0,15.0,,,,"2026-09-25 00:28","2026-09-25 00:28",,,,0,0,0,1900,67.11%,1348,95.64%,38400,36,Ferrothorn,,0,93.75%,257,97.48%,424400,268,Ferrothorn,,0,,,,,,,,,
253,Zygarde,10%,718,,991,81,10,15,14,86.7,15.0,15.0,,,,"2026-09-25 00:28","2026-09-25 00:28",,,,0,0,0,1900,88.08%,489,96.91%,35400,33,Zygarde,10%,0,91.99%,329,97.04%,384400,268,Zygarde,10%,0,,,,,,,,,
254,Volbeat,,313,♂,998,104,11,9,8,62.2,21.0,21.0,,,,"2026-09-25 00:28","2026-09-25 00:28",,,,0,0,0,2500,43.39%,2319,94.26%,104000,94,Volbeat,,0,74.77%,1034,90.44%,470000,244,Volbeat,,0,,,,,,,,,
255,Torracat,,726,♂,1014,106,2,15,4,46.7,23.0,23.0,,,,"2026-09-25 00:28","2026-09-25 00:28",,,,0,0,0,3000,96.75%,134,98.13%,170000,178,Torracat,,0,76.83%,950,97.01%,92000,182,Incineroar,,0,,,,,,,,,
256,Ponyta,Normal,77,♀,1019,90,15,9,8,71.1,22.0,22.0,,,,"2026-09-25 00:28","2026-09-25 00:28",,,,0,0,0,3000,38.73%,2510,94.08%,0,50,Rapidash,Normal,0,23.61%,3129,94.41%,302000,288,Rapidash,Normal,0,,,,,,,,,
257,Squawkabilly,,931,♂,1056,123,6,11,14,68.9,20.0,20.0,,,,"2026-09-25 00:28","2026-09-25 00:28",,,,0,0,0,2500,70.06%,1227,95.86%,56000,50,Squawkabilly,,0,83.17%,690,91.79%,475000,248,Squawkabilly,,0,,,,,,,,,
258,Grimer,Normal,88,♀,1063,145,4,8,5,37.8,32.0,32.0,,,,"2026-09-25 00:28","2026-09-25 00:28",,,,0,0,0,6000,30.84%,2833,85.29%,378000,162,Grimer,Normal,0,64.44%,1457,96.62%,118000,197,Muk,Normal,0,,,,,,,,,
259,Munchlax,,446,♂,1064,178,14,14,12,88.9,20.0,20.0,,,,"2026-09-25 00:28","2026-09-25 00:28",,,,0,0,0,6000,37.24%,2571,94.17%,56000,50,Munchlax,,0,17.09%,3396,94.19%,47000,92,Snorlax,,0,,,,,,,,,
260,Stufful,,759,♂,1065,136,4,13,15,71.1,30.0,30.0,,,,"2026-09-25 00:28","2026-09-25 00:28",,,,0,0,0,5000,87.35%,519,92.87%,400000,182,Stufful,,0,87.35%,519,91.03%,400000,182,Stufful,,0,,,,,,,,,
261,Squawkabilly,,931,♀,1094,120,12,15,9,80.0,20.0,20.0,,,,"2026-09-25 00:28","2026-09-25 00:28",,,,0,0,0,1900,43.42%,2318,94.57%,47000,42,Squawkabilly,,0,96.83%,131,95.67%,475000,248,Squawkabilly,,0,,,,,,,,,
262,Rhyhorn,,111,♀,1105,129,14,15,8,82.2,24.0,24.0,,,,"2026-09-25 00:28","2026-09-25 00:28",,,,0,0,0,3500,36.34%,2608,94.15%,113000,108,Rhyhorn,,0,64.18%,1468,96.34%,32000,53,Rhydon,,0,,,,,,,,,
263,Magmar,,126,♀,1156,97,11,6,9,57.8,18.0,18.0,,,,"2026-09-25 00:28","2026-09-25 00:28",,,,0,0,0,2200,23.98%,3114,93.36%,26400,24,Magmar,,0,63.05%,1514,95.14%,440400,256,Magmar,,0,,,,,,,,,
264,Chatot,,441,♀,1180,129,15,1,11,60.0,25.0,25.0,,,,"2026-09-25 00:28","2026-09-25 00:28",,,,0,0,0,3500,9.33%,3714,92.64%,85000,78,Chatot,,0,45.64%,2227,85.22%,444000,220,Chatot,,0,,,,,,,,,
265,Ivysaur,,2,♀,1195,110,7,12,4,51.1,27.0,27.0,,,,"2026-09-25 00:28","2026-09-25 00:28",,,,0,0,0,4000,55.34%,1830,95.46%,131000,140,Ivysaur,,0,59.46%,1661,96.43%,158000,276,Venusaur,Normal,0,,,,,,,,,
266,Heatmor,,631,♂,1231,121,0,2,0,4.4,21.0,21.0,,,,"2026-09-25 00:28","2026-09-25 00:28",,,,0,0,0,2500,67.28%,1341,95.83%,30000,27,Heatmor,,0,0.27%,4085,85.92%,470000,244,Heatmor,,0,,,,,,,,,
267,Heatmor,,631,♀,1248,119,12,12,8,71.1,19.0,19.0,,,,"2026-09-25 00:28","2026-09-25 00:28",,,,0,0,0,2200,31.45%,2808,94.19%,19000,17,Heatmor,,0,65.89%,1398,95.58%,381000,252,Heatmor,,0,,,,,,,,,
268,Sandslash,Normal,28,♂,1249,110,11,3,4,40.0,20.0,20.0,,,,"2026-09-25 00:28","2026-09-25 00:28",,,,0,0,0,2500,45.69%,2225,94.41%,24000,22,Sandslash,Normal,0,30.16%,2861,93.37%,475000,248,Sandslash,Normal,0,,,,,,,,,
269,Volbeat,,313,♂,1263,113,11,12,0,51.1,27.0,27.0,,,,"2026-09-25 00:28","2026-09-25 00:28",,,,0,0,0,4000,30.13%,2862,93.59%,76000,72,Volbeat,,0,50.84%,2014,87.49%,428000,206,Volbeat,,0,,,,,,,,,
270,Squawkabilly,,931,♂,1265,138,1,1,10,26.7,26.0,26.0,,,,"2026-09-25 00:28","2026-09-25 00:28",,,,0,0,0,4000,77.36%,928,96.24%,52000,46,Squawkabilly,,0,6.59%,3826,80.26%,436000,214,Squawkabilly,,0,,,,,,,,,
271,Murkrow,,198,♀,1285,123,11,7,11,64.4,32.0,32.0,,,,"2026-09-25 00:28","2026-09-25 00:28",,,,0,0,0,6000,46.40%,2196,94.61%,181000,162,Murkrow,,0,23.35%,3140,94.66%,90000,208,Honchkrow,,0,,,,,,,,,
272,Solrock,,338,,1286,134,2,13,12,60.0,21.0,21.0,,,,"2026-09-25 00:28","2026-09-25 00:28",,,,0,0,0,2500,99.39%,26,98.55%,22500,21,Solrock,,0,78.34%,888,96.14%,470000,244,Solrock,,0,,,,,,,,,
273,Bibarel,,400,♀,1299,135,2,12,4,40.0,28.0,28.0,,,,"2026-09-25 00:28","2026-09-25 00:28",,,,0,0,0,4500,87.40%,517,97.26%,74000,72,Bibarel,,0,40.10%,2454,85.79%,419000,198,Bibarel,,0,,,,,,,,,
274,Sawk,,539,♂,1330,108,1,0,6,15.6,19.0,19.0,,,,"2026-09-25 00:28","2026-09-25 00:28",,,,0,0,0,2200,25.76%,3041,93.58%,10000,8,Sawk,,0,64.44%,1457,96.66%,261000,252,Sawk,,0,,,,,,,,,
275,Magmar,,126,♀,1343,104,0,1,0,2.2,23.0,23.0,,,,"2026-09-25 00:28","2026-09-25 00:28",,,,0,0,0,3000,44.03%,2293,94.33%,18000,15,Magmar,,0,50.77%,2017,95.72%,106000,198,Magmortar,,0,,,,,,,,,
276,Chatot,,441,♂,1377,141,6,5,10,46.7,30.0,30.0,,,,"2026-09-25 00:28","2026-09-25 00:28",,,,0,0,0,5000,39.68%,2471,94.45%,62000,64,Chatot,,0,39.61%,2474,84.37%,400000,182,Chatot,,0,,,,,,,,,
277,Squawkabilly,,931,♂,1378,137,14,12,13,86.7,25.0,25.0,,,,"2026-09-25 00:28","2026-09-25 00:28",,,,0,0,0,3500,41.12%,2412,94.47%,16000,14,Squawkabilly,,0,98.07%,80,96.45%,444000,220,Squawkabilly,,0,,,,,,,,,
278,Zangoose,,335,♀,1400,112,11,7,2,44.4,22.0,22.0,,,,"2026-09-25 00:27","2026-09-25 00:27",,,,0,0,0,3000,32.01%,2785,94.01%,9500,9,Zangoose,,0,30.23%,2858,93.81%,434000,238,Zangoose,,0,,,,,,,,,
279,Dedenne,,702,♂,1454,128,11,3,9,51.1,30.0,30.0,,,,"2026-09-25 00:27","2026-09-25 00:27",,,,0,0,0,5000,18.83%,3325,93.55%,16000,14,Dedenne,,0,45.91%,2216,86.93%,400000,182,Dedenne,,0,,,,,,,,,
280,Squawkabilly,,931,♂,1466,145,6,4,9,42.2,29.0,29.0,,,,"2026-09-25 00:27","2026-09-25 00:27",,,,0,0,0,15000,50.13%,2043,94.90%,5000,4,Squawkabilly,,0,28.55%,2927,84.25%,410000,190,Squawkabilly,,0,,,,,,,,,
281,Squawkabilly,,931,♂,1521,147,11,11,15,82.2,28.0,28.0,,,,"2026-09-25 00:27","2026-09-25 00:27",,,,0,0,0,4500,,,,,,,,,94.80%,214,94.73%,419000,198,Squawkabilly,,0,,,,,,,,,
282,Squawkabilly,,931,♀,1551,145,15,12,13,88.9,28.0,28.0,,,,"2026-09-25 00:27","2026-09-25 00:27",,,,0,0,0,4500,,,,,,,,,98.66%,56,96.94%,419000,198,Squawkabilly,,0,,,,,,,,,
283,Charizard,Normal,6,♂,1592,117,12,10,11,73.3,20.0,20.0,,,,"2026-09-25 00:27","2026-09-25 00:27",,,,0,0,0,15000,,,,,,,,,47.59%,2147,95.79%,103000,92,Charizard,Normal,0,,,,,,,,,
284,Charizard,Normal,6,♂,1608,118,10,15,13,84.4,20.0,20.0,,,,"2026-09-25 00:27","2026-09-25 00:27",,,,0,0,0,2500,,,,,,,,,87.16%,527,97.44%,97000,86,Charizard,Normal,0,,,,,,,,,
285,Charizard,Mega Y,6,♂,2499,118,12,13,13,84.4,20.0,20.0,,,,"2026-09-25 00:27","2026-09-25 00:27",,,,0,0,0,15000,,,,,,,,,,,,,,,,,,,,,,,,,
286,Hitmonlee,,106,♂,1614,94,8,1,8,37.8,24.0,24.0,,,,"2026-09-25 00:27","2026-09-25 00:27",,,,0,0,0,3500,,,,,,,,,18.02%,3358,94.44%,301000,226,Hitmonlee,,0,,,,,,,,,
287,Charizard,Normal,6,♂,1617,120,12,12,15,86.7,20.0,20.0,,,,"2026-09-25 00:27","2026-09-25 00:27",,,,0,0,0,2500,,,,,,,,,51.77%,1976,95.93%,91000,80,Charizard,Normal,0,,,,,,,,,
288,Solrock,,338,,1673,146,14,2,4,44.4,27.0,27.0,,,,"2026-09-25 00:27","2026-09-25 00:27",,,,0,0,0,4000,,,,,,,,,37.66%,2554,92.12%,428000,206,Solrock,,0,,,,,,,,,
289,Articuno,Normal,144,,1684,132,10,11,14,77.8,20.0,20.0,,,,"2026-09-25 00:27","2026-09-25 00:27",,,,0,0,0,2500,,,,,,,,,56.73%,1773,96.31%,70000,62,Articuno,Normal,0,,,,,,,,,
290,Squawkabilly,,931,♀,1690,150,12,11,8,68.9,33.0,33.0,,,,"2026-09-25 00:27","2026-09-25 00:27",,,,0,0,0,6000,,,,,,,,,83.93%,659,91.93%,366000,150,Squawkabilly,,0,,,,,,,,,
291,Articuno,Normal,144,,1693,129,13,11,10,75.6,20.0,20.0,,,,"2026-09-25 00:27","2026-09-25 00:27",,,,0,0,0,2500,,,,,,,,,47.69%,2143,95.90%,70000,62,Articuno,Normal,0,,,,,,,,,
292,Articuno,Normal,144,,1694,132,10,14,14,84.4,20.0,20.0,,,,"2026-09-25 00:27","2026-09-25 00:27",,,,0,0,0,2500,,,,,,,,,82.08%,735,97.47%,70000,62,Articuno,Normal,0,,,,,,,,,
293,Articuno,Normal,144,,1704,129,13,14,10,82.2,20.0,20.0,,,,"2026-09-25 00:27","2026-09-25 00:27",,,,0,0,0,2500,,,,,,,,,24.54%,3091,94.81%,65000,58,Articuno,Normal,0,,,,,,,,,
294,Regice,,378,,1754,122,12,14,15,91.1,20.0,20.0,,,,"2026-09-25 00:27","2026-09-25 00:27",,,,0,0,0,2500,,,,,,,,,74.58%,1042,97.01%,60500,54,Regice,,0,,,,,,,,,
295,Electabuzz,,125,♂,1764,119,3,7,0,22.2,30.0,30.0,,,,"2026-09-25 00:27","2026-09-25 00:27",,,,0,0,0,5000,,,,,,,,,37.14%,2575,95.43%,34000,132,Electivire,,0,,,,,,,,,
296,Hitmonlee,,106,♂,1902,102,6,8,8,48.9,28.0,28.0,,,,"2026-09-25 00:27","2026-09-25 00:27",,,,0,0,0,4500,,,,,,,,,72.06%,1145,96.63%,257000,198,Hitmonlee,,0,,,,,,,,,
297,Moltres,Normal,146,,1951,130,15,12,12,86.7,20.0,20.0,,,,"2026-09-25 00:26","2026-09-25 00:26",,,,0,0,0,4500,,,,,,,,,54.11%,1880,95.80%,35000,31,Moltres,Normal,0,,,,,,,,,
298,Zapdos,Normal,145,,1961,130,11,13,12,80.0,20.0,20.0,,,,"2026-09-25 00:26","2026-09-25 00:26",,,,0,0,0,2500,,,,,,,,,29.38%,2893,95.18%,31000,28,Zapdos,Normal,0,,,,,,,,,
299,Zapdos,Normal,145,,1962,132,10,12,15,82.2,20.0,20.0,,,,"2026-09-25 00:26","2026-09-25 00:26",,,,0,0,0,2500,,,,,,,,,40.85%,2423,95.63%,31000,28,Zapdos,Normal,0,,,,,,,,,
300,Zapdos,Normal,145,,1969,130,14,11,11,80.0,20.0,20.0,,,,"2026-09-25 00:26","2026-09-25 00:26",,,,0,0,0,2500,,,,,,,,,18.00%,3359,94.64%,31000,28,Zapdos,Normal,0,,,,,,,,,
301,Zapdos,Normal,145,,1970,132,11,12,15,84.4,20.0,20.0,,,,"2026-09-25 00:26","2026-09-25 00:26",,,,0,0,0,2500,,,,,,,,,50.60%,2024,96.00%,31000,28,Zapdos,Normal,0,,,,,,,,,
302,Zapdos,Normal,145,,1982,130,15,12,11,84.4,20.0,20.0,,,,"2026-09-25 00:26","2026-09-25 00:26",,,,0,0,0,2500,,,,,,,,,36.85%,2587,95.48%,31000,28,Zapdos,Normal,0,,,,,,,,,
303,Zapdos,Normal,145,,1991,131,15,12,13,88.9,20.0,20.0,,,,"2026-09-25 00:26","2026-09-25 00:26",,,,0,0,0,2500,,,,,,,,,54.31%,1872,96.13%,31000,28,Zapdos,Normal,0,,,,,,,,,
304,Scyther,,123,♀,1998,123,15,8,6,64.4,27.0,27.0,,,,"2026-09-25 00:26","2026-09-25 00:26",,,,0,0,0,4000,,,,,,,,,38.66%,2513,95.41%,18000,66,Kleavor,,0,,,,,,,,,
305,Xurkitree,,796,,2196,125,10,12,15,82.2,20.0,20.0,,,,"2026-09-25 00:26","2026-09-25 00:26",,,,0,0,0,2500,,,,,,,,,81.83%,745,97.18%,14000,13,Xurkitree,,0,,,,,,,,,
306,Xurkitree,,796,,2197,124,14,10,13,82.2,20.0,20.0,,,,"2026-09-25 00:26","2026-09-25 00:26",,,,0,0,0,2500,,,,,,,,,44.49%,2274,95.61%,14000,13,Xurkitree,,0,,,,,,,,,
307,Xurkitree,,796,,2212,123,15,12,12,86.7,20.0,20.0,,,,"2026-09-25 00:26","2026-09-25 00:26",,,,0,0,0,2500,,,,,,,,,80.95%,781,97.13%,14000,13,Xurkitree,,0,,,,,,,,,
308,Zamazenta,Hero,889,,2651,135,12,10,11,73.3,25.0,25.0,,,,"2026-09-25 00:26","2026-09-25 00:26",,,,0,0,0,3500,,,,,,,,,,,,,,,,,,,,,,,,,
309,Zamazenta,Hero,889,,2692,137,13,12,14,86.7,25.0,25.0,,,,"2026-09-25 00:26","2026-09-25 00:26",,,,0,0,0,3500,,,,,,,,,,,,,,,,,,,,,,,,,
310,Xurkitree,,796,,3028,145,15,14,15,97.8,27.0,27.0,,,,"2026-09-25 00:26","2026-09-25 00:26",,,,0,0,0,4000,,,,,,,,,,,,,,,,,,,,,,,,,
311,Mewtwo,Mega Y,150,,3673,145,15,15,15,100.0,20.0,20.0,,,,"2026-09-25 00:26","2026-09-25 00:26",,,,0,0,0,15000,,,,,,,,,,,,,,,,,,,,,,,,,